From	Entry	Reviewed	Entry Name	Length
Q9LMH0	Q9LMH0	reviewed	KTI12_ARATH	302
Q06810	Q06810	reviewed	OPY2_YEAST	360
P38801	P38801	reviewed	LRP1_YEAST	184
S7UQV8	S7UQV8	reviewed	UGO_TOXGG	2122
Q07688	Q07688	reviewed	YPD1_YEAST	167
Q03631	Q03631	reviewed	WAR1_YEAST	944
Q9LEX1	Q9LEX1	reviewed	CLB_ARATH	510
P93740	P93740	reviewed	NUD23_ARATH	280
Q9D4J7	Q9D4J7	reviewed	PHF6_MOUSE	364
Q9W4N2	Q9W4N2	reviewed	CMTR1_DROME	788
Q9USY8	Q9USY8	reviewed	GEMI8_SCHPO	166
Q54NJ8	Q54NJ8	reviewed	HPRT_DICDI	180
A2EF58	A2EF58	reviewed	PFP3_TRIV3	387
P63218	P63218	reviewed	GBG5_HUMAN	68
Q9FJT9	Q9FJT9	reviewed	PQQL_ARATH	956
Q10AZ7	Q10AZ7	reviewed	GPA3_ORYSJ	501
O82289	O82289	reviewed	SRO1_ARATH	568
P32522	P32522	reviewed	PT309_YEAST	965
Q8R015	Q8R015	reviewed	BL1S5_MOUSE	185
Q8BMK4	Q8BMK4	reviewed	CKAP4_MOUSE	575
Q5HZJ0	Q5HZJ0	reviewed	RNC_MOUSE	1373
Q9DBE8	Q9DBE8	reviewed	ALG2_MOUSE	415
O17087	O17087	reviewed	GLD2_CAEEL	1113
C6Y4C9	C6Y4C9	reviewed	SPO13_SCHPO	138
A0A0N7HUN6	A0A0N7HUN6	reviewed	CXP4_PARCG	93
Q07897	Q07897	reviewed	CMS1_YEAST	291
Q9Y222	Q9Y222	reviewed	DMTF1_HUMAN	760
Q9US56	Q9US56	reviewed	MUG31_SCHPO	229
P21190	P21190	reviewed	IME1_YEAST	360
Q1ZZU3	Q1ZZU3	reviewed	SWI5_HUMAN	235
Q14B62	Q14B62	reviewed	PTHD1_MOUSE	888
O13743	O13743	reviewed	YDR8_SCHPO	269
P34216	P34216	reviewed	EDE1_YEAST	1381
Q5AR31	Q5AR31	reviewed	AUSH_EMENI	174
P43638	P43638	reviewed	MHP1_YEAST	1398
Q96BN6	Q96BN6	reviewed	F149B_HUMAN	582
Q8TDB6	Q8TDB6	reviewed	DTX3L_HUMAN	740
Q9UJK0	Q9UJK0	reviewed	TSR3_HUMAN	312
Q8C0G2	Q8C0G2	reviewed	T3JAM_MOUSE	513
O23277	O23277	reviewed	PRD1_ARATH	1330
Q9C0F1	Q9C0F1	reviewed	CEP44_HUMAN	390
Q99376	Q99376	reviewed	TFR1_RAT	761
Q02465	Q02465	reviewed	DD31_DICDI	269
Q91YL7	Q91YL7	reviewed	PG2IP_MOUSE	699
Q8IV13	Q8IV13	reviewed	CCNJL_HUMAN	435
Q4KLC4	Q4KLC4	reviewed	NGDNA_XENLA	317
Q9Z207	Q9Z207	reviewed	DIAP3_MOUSE	1171
E9Q8T2	E9Q8T2	reviewed	PRD15_MOUSE	1174
Q9SIE1	Q9SIE1	reviewed	PAT_ARATH	475
Q9C0H5	Q9C0H5	reviewed	RHG39_HUMAN	1083
P86182	P86182	reviewed	CCD22_RAT	627
Q8MM62	Q8MM62	reviewed	PDE6_DICDI	1096
Q71S21	Q71S21	reviewed	INVSB_XENLA	1002
Q9BW66	Q9BW66	reviewed	CINP_HUMAN	212
Q8VC48	Q8VC48	reviewed	PEX12_MOUSE	359
C6KRL6	C6KRL6	reviewed	ZHP3_CAEEL	389
Q557E7	Q557E7	reviewed	CBLA_DICDI	665
Q6ZNB7	Q6ZNB7	reviewed	ALKMO_HUMAN	445
P82119	P82119	reviewed	CUO6_BLACR	139
O70601	O70601	reviewed	LAT_RAT	241
Q8K135	Q8K135	reviewed	K319L_MOUSE	1048
P53909	P53909	reviewed	ADE_YEAST	347
G3KLH4	G3KLH4	reviewed	ADAC_ASPNG	414
P81860	P81860	reviewed	MIA2_SARMU	138
Q9C5X3	Q9C5X3	reviewed	KEULE_ARATH	666
Q12988	Q12988	reviewed	HSPB3_HUMAN	150
Q8MMZ8	Q8MMZ8	reviewed	KGP_EIMTE	1003
P35758	P35758	reviewed	TCTP_TRYBB	37
Q4V9W2	Q4V9W2	reviewed	SR1IP_MOUSE	153
Q9M086	Q9M086	reviewed	DCAF1_ARATH	1883
P38210	P38210	reviewed	LDB7_YEAST	180
Q12283	Q12283	reviewed	FABD_YEAST	360
Q8SW90	Q8SW90	reviewed	Y2E7_ENCCU	156
P0C5N1	P0C5N1	reviewed	YG014_YEAST	53
A2AFR3	A2AFR3	reviewed	FRPD4_MOUSE	1320
Q08550	Q08550	reviewed	MPC54_YEAST	464
Q9UBI9	Q9UBI9	reviewed	HDC_HUMAN	543
Q8VZD4	Q8VZD4	reviewed	DEG15_ARATH	709
Q3U186	Q3U186	reviewed	SYRM_MOUSE	578
P50108	P50108	reviewed	MNN10_YEAST	393
Q9VTZ6	Q9VTZ6	reviewed	PMM_DROME	254
Q8NFZ5	Q8NFZ5	reviewed	TNIP2_HUMAN	429
Q5GA22	Q5GA22	reviewed	MIK_MAIZE	379
C6KTD2	C6KTD2	reviewed	SET1_PLAF7	6753
Q9M9U5	Q9M9U5	reviewed	B1L_ARATH	382
Q60676	Q60676	reviewed	PPP5_MOUSE	499
Q53R12	Q53R12	reviewed	T4S20_HUMAN	229
P86208	P86208	reviewed	TCPA_MESAU	123
Q53T59	Q53T59	reviewed	H1BP3_HUMAN	392
P47156	P47156	reviewed	JHD2_YEAST	728
O16616	O16616	reviewed	TRI21_CAEEL	292
Q9H295	Q9H295	reviewed	DCSTP_HUMAN	470
O43024	O43024	reviewed	DEF1_SCHPO	963
P10849	P10849	reviewed	MTF2_YEAST	440
Q12428	Q12428	reviewed	PRPD_YEAST	516
P47134	P47134	reviewed	BIR1_YEAST	954
P84855	P84855	reviewed	MUP_RATRT	46
Q96KS0	Q96KS0	reviewed	EGLN2_HUMAN	407
P36162	P36162	reviewed	DAD2_YEAST	133
Q3V3V9	Q3V3V9	reviewed	CARL2_MOUSE	1296
P0C0T4	P0C0T4	reviewed	RS25B_YEAST	108
Q8BIP0	Q8BIP0	reviewed	SYDM_MOUSE	653
Q9NZN8	Q9NZN8	reviewed	CNOT2_HUMAN	540
P53913	P53913	reviewed	FYV6_YEAST	173
Q01284	Q01284	reviewed	2NPD_NEUCR	378
Q1ZXU0	Q1ZXU0	reviewed	BNCH_CAEEL	205
Q6P8Z1	Q6P8Z1	reviewed	MYCB_MOUSE	170
P32800	P32800	reviewed	PEX2_YEAST	271
Q3SXR2	Q3SXR2	reviewed	CC036_HUMAN	165
Q80VP2	Q80VP2	reviewed	SPAT7_MOUSE	582
Q9CY02	Q9CY02	reviewed	AHSP_MOUSE	102
Q4L235	Q4L235	reviewed	ACSF4_HUMAN	1098
Q6IQ32	Q6IQ32	reviewed	ADNP2_HUMAN	1131
Q9SSW0	Q9SSW0	reviewed	AZF3_ARATH	193
P62932	P62932	reviewed	FBX40_MOUSE	710
Q764M6	Q764M6	reviewed	IRF3_PIG	419
Q1T7C0	Q1T7C0	reviewed	CENPL_CHICK	344
P43589	P43589	reviewed	SAD1_YEAST	448
P38850	P38850	reviewed	RT107_YEAST	1070
Q02831	Q02831	reviewed	YP077_YEAST	240
Q8IXS0	Q8IXS0	reviewed	F217A_HUMAN	508
P0C891	P0C891	reviewed	OEP80_PEA	158
Q91Z49	Q91Z49	reviewed	UIF_MOUSE	317
P40152	P40152	reviewed	PPN2_YEAST	326
P87129	P87129	reviewed	VPS53_SCHPO	756
Q6MG88	Q6MG88	reviewed	GPSM3_RAT	158
O14014	O14014	reviewed	RGA3_SCHPO	969
Q8CHJ0	Q8CHJ0	reviewed	PIGU_CRIGR	435
Q6UB98	Q6UB98	reviewed	ANR12_HUMAN	2062
Q9M1Y1	Q9M1Y1	reviewed	SKI20_ARATH	418
Q96JP2	Q96JP2	reviewed	MY15B_HUMAN	1530
Q553D3	Q553D3	reviewed	GXCJJ_DICDI	1173
P47049	P47049	reviewed	UBX6_YEAST	396
Q9LG15	Q9LG15	reviewed	STKLC_ARATH	219
P38428	P38428	reviewed	CUE1_YEAST	203
Q02803	Q02803	reviewed	OAZ_YEAST	292
G5EGE9	G5EGE9	reviewed	DPY26_CAEEL	1263
Q9FFD8	Q9FFD8	reviewed	MBS2_ARATH	104
A6QPQ5	A6QPQ5	reviewed	RM01_BOVIN	325
P54790	P54790	reviewed	ORC3_YEAST	616
G5EGA3	G5EGA3	reviewed	ANKL1_CAEEL	704
Q9FIK2	Q9FIK2	reviewed	PP1R8_ARATH	369
O13777	O13777	reviewed	ICLN_SCHPO	217
Q9NDM2	Q9NDM2	reviewed	GUTR1_DROME	392
Q6TRW4	Q6TRW4	reviewed	PDS5B_RAT	1447
Q9CZX9	Q9CZX9	reviewed	EMC4_MOUSE	183
D2CVN8	D2CVN8	reviewed	TAP50_TETTS	422
O75330	O75330	reviewed	HMMR_HUMAN	724
Q5XI97	Q5XI97	reviewed	AASD1_RAT	412
P86787	P86787	reviewed	GIGA4_CRAGI	58
F4JD14	F4JD14	reviewed	BCHC1_ARATH	1941
P86411	P86411	reviewed	RGPA2_RAT	1872
P18410	P18410	reviewed	SPO7_YEAST	259
P10862	P10862	reviewed	RAD18_YEAST	487
Q12530	Q12530	reviewed	RMP1_YEAST	201
P25611	P25611	reviewed	RDS1_YEAST	832
Q0D1P1	Q0D1P1	reviewed	TERC_ASPTN	372
P82970	P82970	reviewed	HMGN5_HUMAN	282
Q969S2	Q969S2	reviewed	NEIL2_HUMAN	332
O74424	O74424	reviewed	NU211_SCHPO	1837
A0A0D1E015	A0A0D1E015	reviewed	UPA1_USTMA	1287
Q9NFA0	Q9NFA0	reviewed	SPCS2_PLAF7	179
P52891	P52891	reviewed	NUP84_YEAST	726
Q9H477	Q9H477	reviewed	RBSK_HUMAN	322
Q8C6G1	Q8C6G1	reviewed	CF410_MOUSE	249
Q3UMT1	Q3UMT1	reviewed	PP12C_MOUSE	782
Q17353	Q17353	reviewed	PAR3_CAEEL	1379
Q3U8K7	Q3U8K7	reviewed	KMT5B_MOUSE	883
Q86L05	Q86L05	reviewed	RL10A_DICDI	217
Q9U2M7	Q9U2M7	reviewed	AP4A_CAEEL	138
Q03759	Q03759	reviewed	YMK8_YEAST	105
Q14D33	Q14D33	reviewed	RTP5_HUMAN	572
O61363	O61363	reviewed	HCYG_ENTDO	2896
Q8VZL4	Q8VZL4	reviewed	MSL1_ARATH	497
Q96CN4	Q96CN4	reviewed	EVI5L_HUMAN	794
Q8SQM3	Q8SQM3	reviewed	RS3_ENCCU	216
P06105	P06105	reviewed	SC160_YEAST	1222
Q0WUY1	Q0WUY1	reviewed	NADKC_ARATH	534
Q49AM3	Q49AM3	reviewed	TTC31_HUMAN	519
Q9Y006	Q9Y006	reviewed	PLM3_PLAFX	451
P34217	P34217	reviewed	PIN4_YEAST	668
A6NED2	A6NED2	reviewed	RCCD1_HUMAN	376
Q7TPM1	Q7TPM1	reviewed	PRC2B_MOUSE	1486
A0A0D2YFZ9	A0A0D2YFZ9	reviewed	FUB10_FUSO4	416
Q9UKK3	Q9UKK3	reviewed	PARP4_HUMAN	1724
P81629	P81629	reviewed	ERP29_TRIVU	32
Q2HBN5	Q2HBN5	reviewed	CGHB_CHAGB	269
O70337	O70337	reviewed	BIK_MOUSE	150
Q05905	Q05905	reviewed	HRI1_YEAST	244
Q8X225	Q8X225	reviewed	DIM5_NEUCR	331
G5EFF5	G5EFF5	reviewed	DAF12_CAEEL	753
Q7Z6J8	Q7Z6J8	reviewed	UBE3D_HUMAN	389
Q80WT5	Q80WT5	reviewed	AFTIN_MOUSE	931
Q7G191	Q7G191	reviewed	ALDO4_ARATH	1337
G5EF15	G5EF15	reviewed	POS1_CAEEL	264
Q2KHT4	Q2KHT4	reviewed	GSG1_HUMAN	349
Q5I0F1	Q5I0F1	reviewed	ABRX1_RAT	405
Q9Y4C1	Q9Y4C1	reviewed	KDM3A_HUMAN	1321
Q965Q8	Q965Q8	reviewed	XYLT_CAEEL	806
Q02685	Q02685	reviewed	RMI1_YEAST	241
P86830	P86830	reviewed	AAE_RAUVE	46
Q9V719	Q9V719	reviewed	SIN1_DROME	569
P51979	P51979	reviewed	HFM1_YEAST	1187
P85981	P85981	reviewed	TI_VERHE	34
Q9FI10	Q9FI10	reviewed	CSPLW_ARATH	197
O22633	O22633	reviewed	NOI4_ARATH	79
Q08202	Q08202	reviewed	OPI10_YEAST	246
Q9M9H3	Q9M9H3	reviewed	EML_ARATH	177
Q06247	Q06247	reviewed	YL173_YEAST	608
F4K657	F4K657	reviewed	BL1S2_ARATH	127
P0C8R0	P0C8R0	reviewed	PP416_ARATH	546
Q8K2H6	Q8K2H6	reviewed	APC10_MOUSE	185
O74531	O74531	reviewed	POF7_SCHPO	361
P21595	P21595	reviewed	CP56_YEAST	489
O15063	O15063	reviewed	GRRE1_HUMAN	1070
P16180	P16180	reviewed	RR17_ARATH	149
Q8C0Z1	Q8C0Z1	reviewed	F234A_MOUSE	555
P86809	P86809	reviewed	NLTP2_APIGA	67
A0A077YBL0	A0A077YBL0	reviewed	PDEG_PLAYE	782
Q06098	Q06098	reviewed	ISR1_YEAST	443
O23210	O23210	reviewed	SCL15_ARATH	486
Q8GZ26	Q8GZ26	reviewed	BRN2L_ARATH	429
P17228	P17228	reviewed	PSAI_SPIOL	33
Q5XIG5	Q5XIG5	reviewed	GKAP1_RAT	366
P40308	P40308	reviewed	TGL3_YEAST	642
Q9W0K0	Q9W0K0	reviewed	JIP1_DROME	490
Q9Y2M5	Q9Y2M5	reviewed	KLH20_HUMAN	609
Q86VP1	Q86VP1	reviewed	TAXB1_HUMAN	789
Q05779	Q05779	reviewed	COQ9_YEAST	260
A5PLC8	A5PLC8	reviewed	PTMAB_DANRE	106
O88202	O88202	reviewed	LPP60_RAT	564
O43013	O43013	reviewed	YBOE_SCHPO	533
Q2VWA4	Q2VWA4	reviewed	SKOR2_HUMAN	1015
Q0WRC9	Q0WRC9	reviewed	SKI17_ARATH	479
Q20255	Q20255	reviewed	TTC21_CAEEL	1324
Q9VL76	Q9VL76	reviewed	PEO1_DROME	613
P80594	P80594	reviewed	ELH_THETS	36
Q9URB4	Q9URB4	reviewed	ALF_CANAL	359
Q564G7	Q564G7	reviewed	GMGT1_CYATE	435
P34288	P34288	reviewed	PAC1_CAEEL	1605
D3ZH22	D3ZH22	reviewed	SWET1_RAT	221
Q4QQM5	Q4QQM5	reviewed	MIGA1_MOUSE	600
Q8N2C7	Q8N2C7	reviewed	UNC80_HUMAN	3258
A0A0K3AUE4	A0A0K3AUE4	reviewed	SEA2_CAEEL	1968
Q5BJU7	Q5BJU7	reviewed	WASF1_RAT	559
Q687E1	Q687E1	reviewed	NPP_HORVU	368
P43551	P43551	reviewed	ZNF1_YEAST	465
Q8N1D5	Q8N1D5	reviewed	CF107_HUMAN	194
P15101	P15101	reviewed	DOPO_BOVIN	610
Q9QYI5	Q9QYI5	reviewed	DNJB2_MOUSE	324
Q4G0P3	Q4G0P3	reviewed	HYDIN_HUMAN	5121
Q8WUA4	Q8WUA4	reviewed	TF3C2_HUMAN	911
P46944	P46944	reviewed	TRS85_YEAST	698
P86724	P86724	reviewed	DEF4_PAPHA	30
Q6AYK8	Q6AYK8	reviewed	EIF3D_RAT	548
Q9C5W3	Q9C5W3	reviewed	NADK2_ARATH	985
P50537	P50537	reviewed	MAE1_SCHPO	438
Q8N6R1	Q8N6R1	reviewed	SERP2_HUMAN	65
Q7Y0W5	Q7Y0W5	reviewed	EHD1_ORYSJ	341
Q7Z3D4	Q7Z3D4	reviewed	LYSM3_HUMAN	306
Q09146	Q09146	reviewed	HBA1_SCHPO	399
Q8CHS8	Q8CHS8	reviewed	VP37A_MOUSE	397
Q10025	Q10025	reviewed	DEL10_CAEEL	1069
Q8CA03	Q8CA03	reviewed	S46A2_MOUSE	479
Q02833	Q02833	reviewed	RASF7_HUMAN	373
P38931	P38931	reviewed	SSN2_YEAST	1420
Q9BTX3	Q9BTX3	reviewed	TM208_HUMAN	173
Q3E7B0	Q3E7B0	reviewed	YE053_YEAST	37
Q9D2R0	Q9D2R0	reviewed	AACS_MOUSE	672
O74906	O74906	reviewed	BCD1_SCHPO	345
Q9D7G4	Q9D7G4	reviewed	EURL_MOUSE	290
Q86XE0	Q86XE0	reviewed	SNX32_HUMAN	403
P34111	P34111	reviewed	TFC3_YEAST	1160
Q9BQJ4	Q9BQJ4	reviewed	TMM47_HUMAN	181
Q9UPI3	Q9UPI3	reviewed	FLVC2_HUMAN	526
Q03973	Q03973	reviewed	HMO1_YEAST	246
Q21733	Q21733	reviewed	DAF8_CAEEL	546
Q60665	Q60665	reviewed	SKIL_MOUSE	675
Q96HM7	Q96HM7	reviewed	PED1B_HUMAN	432
P47139	P47139	reviewed	YJ68_YEAST	656
Q91853	Q91853	reviewed	ZN143_XENLA	565
P49686	P49686	reviewed	NUP42_YEAST	430
Q9Y5U8	Q9Y5U8	reviewed	MPC1_HUMAN	109
Q9UPN4	Q9UPN4	reviewed	CP131_HUMAN	1083
Q8IWV1	Q8IWV1	reviewed	LAX1_HUMAN	398
Q12318	Q12318	reviewed	PSY3_YEAST	242
Q8L719	Q8L719	reviewed	THO4B_ARATH	292
P80576	P80576	reviewed	AROF_NEUCR	481
O88986	O88986	reviewed	KBL_MOUSE	416
Q5PQN6	Q5PQN6	reviewed	SPE39_RAT	460
Q3U898	Q3U898	reviewed	CSN9_MOUSE	57
Q99J09	Q99J09	reviewed	MEP50_MOUSE	342
Q07563	Q07563	reviewed	COHA1_MOUSE	1470
P38319	P38319	reviewed	TYDP1_YEAST	544
Q9LRZ3	Q9LRZ3	reviewed	PUM24_ARATH	641
Q9Z1Q2	Q9Z1Q2	reviewed	ABHGA_MOUSE	558
Q94F39	Q94F39	reviewed	AFP3_ARATH	231
O94577	O94577	reviewed	RMR1_SCHPO	502
Q7LZB2	Q7LZB2	reviewed	HSP1_CHRPI	59
P46973	P46973	reviewed	HIT1_YEAST	164
O81770	O81770	reviewed	MGDG1_ARATH	533
Q08387	Q08387	reviewed	DNLI4_YEAST	944
Q9M9G7	Q9M9G7	reviewed	CAPZB_ARATH	256
Q2M3C6	Q2M3C6	reviewed	TM266_HUMAN	531
Q8N661	Q8N661	reviewed	TM86B_HUMAN	226
Q80WR5	Q80WR5	reviewed	CA174_MOUSE	230
Q9LVV5	Q9LVV5	reviewed	TL15B_ARATH	223
P08433	P08433	reviewed	PRTZ1_SCYCA	51
Q07475	Q07475	reviewed	NREP_MOUSE	68
Q8BIW9	Q8BIW9	reviewed	CTF18_MOUSE	969
Q8N0Z3	Q8N0Z3	reviewed	SPICE_HUMAN	855
Q550R2	Q550R2	reviewed	CTXB_DICDI	441
Q8NHS1	Q8NHS1	reviewed	CLDN2_HUMAN	167
O62683	O62683	reviewed	ZO3_CANLF	898
P15315	P15315	reviewed	CUP2_YEAST	225
P04734	P04734	reviewed	MTA_STRPU	64
O60130	O60130	reviewed	YH7G_SCHPO	827
Q32NC0	Q32NC0	reviewed	CR021_HUMAN	220
P25588	P25588	reviewed	MRC1_YEAST	1096
Q8NC06	Q8NC06	reviewed	ACBD4_HUMAN	268
P84582	P84582	reviewed	ATPA_POPEU	98
Q01663	Q01663	reviewed	AP1_SCHPO	552
Q14686	Q14686	reviewed	NCOA6_HUMAN	2063
Q06071	Q06071	reviewed	BL1S1_YEAST	122
Q9Y3D5	Q9Y3D5	reviewed	RT18C_HUMAN	142
P53271	P53271	reviewed	COG2_YEAST	262
Q640M1	Q640M1	reviewed	UT14A_MOUSE	767
Q8SS49	Q8SS49	reviewed	RL22_ENCCU	112
F1SYB2	F1SYB2	reviewed	CY124_POSPM	517
Q3U6U5	Q3U6U5	reviewed	GTPB6_MOUSE	514
Q91VY6	Q91VY6	reviewed	CYTIP_MOUSE	359
P39714	P39714	reviewed	BDH1_YEAST	382
Q283Q6	Q283Q6	reviewed	DBF4B_XENLA	784
Q02378	Q02378	reviewed	NDUB1_BOVIN	57
P53251	P53251	reviewed	SLX9_YEAST	210
P57675	P57675	reviewed	STC2_CAVPO	197
Q96F25	Q96F25	reviewed	ALG14_HUMAN	216
Q8BMG1	Q8BMG1	reviewed	ATRIP_MOUSE	785
Q9SJ40	Q9SJ40	reviewed	VPS11_ARATH	932
Q60855	Q60855	reviewed	RIPK1_MOUSE	656
P38348	P38348	reviewed	HSM3_YEAST	480
Q5XPI3	Q5XPI3	reviewed	RN123_MOUSE	1314
P53286	P53286	reviewed	BTN2_YEAST	410
Q66H73	Q66H73	reviewed	CCD82_RAT	516
P40083	P40083	reviewed	YEW7_YEAST	148
P38959	P38959	reviewed	VPS41_YEAST	992
Q6NQK9	Q6NQK9	reviewed	CCB4_ARATH	297
Q18235	Q18235	reviewed	IFY1_CAEEL	244
Q6P9Q6	Q6P9Q6	reviewed	FKB15_MOUSE	1216
P85955	P85955	reviewed	DRE1_PSEMZ	46
Q24475	Q24475	reviewed	RPR_DROME	65
Q9D772	Q9D772	reviewed	F219A_MOUSE	157
Q13596	Q13596	reviewed	SNX1_HUMAN	522
Q9UPA5	Q9UPA5	reviewed	BSN_HUMAN	3926
Q54NE6	Q54NE6	reviewed	PGAM_DICDI	249
Q12161	Q12161	reviewed	PSH1_YEAST	406
P05204	P05204	reviewed	HMGN2_HUMAN	90
Q12398	Q12398	reviewed	HMS1_YEAST	434
P31346	P31346	reviewed	ANGI_PIG	123
Q9Y800	Q9Y800	reviewed	MUG97_SCHPO	345
B3VI55	B3VI55	reviewed	LGK_LIPST	439
Q02099	Q02099	reviewed	RAD3_SCHPO	2386
Q6AXP1	Q6AXP1	reviewed	CS044_RAT	624
Q04868	Q04868	reviewed	ELP6_YEAST	273
Q63488	Q63488	reviewed	S20A2_RAT	656
Q9SLB9	Q9SLB9	reviewed	VOZ2_ARATH	450
Q9VVR2	Q9VVR2	reviewed	BORA_DROME	539
A2QBE8	A2QBE8	reviewed	AUNB_ASPNC	447
Q12723	Q12723	reviewed	2NPD_CYBMR	374
Q6Q5X2	Q6Q5X2	reviewed	YD34B_YEAST	51
Q9VCP0	Q9VCP0	reviewed	ELOA1_DROME	643
Q874K0	Q874K0	reviewed	ERG27_CANAX	346
Q8BJM5	Q8BJM5	reviewed	ZNT6_MOUSE	460
Q8SUL4	Q8SUL4	reviewed	Y8F5_ENCCU	102
Q9H2S5	Q9H2S5	reviewed	RNF39_HUMAN	420
P99025	P99025	reviewed	GFRP_MOUSE	84
P27351	P27351	reviewed	AP2B_YEAST	700
P33301	P33301	reviewed	XRS2_YEAST	854
F4JQZ3	F4JQZ3	reviewed	REN1_ARATH	920
Q12363	Q12363	reviewed	WTM1_YEAST	437
Q96I76	Q96I76	reviewed	GPTC3_HUMAN	525
P25368	P25368	reviewed	RRP7_YEAST	297
Q9HGM2	Q9HGM2	reviewed	GET1_SCHPO	171
O74791	O74791	reviewed	GRN1_SCHPO	470
O94680	O94680	reviewed	PDAT_SCHPO	632
Q7KBL8	Q7KBL8	reviewed	MED29_DROME	188
Q99LM2	Q99LM2	reviewed	CK5P3_MOUSE	503
P34298	P34298	reviewed	DOXA1_CAEEL	397
Q04705	Q04705	reviewed	PRM6_YEAST	352
Q96FI4	Q96FI4	reviewed	NEIL1_HUMAN	390
A7RS11	A7RS11	reviewed	HPF1_NEMVE	327
C0HJV1	C0HJV1	reviewed	CTLP2_ODOSH	34
Q9ERG0	Q9ERG0	reviewed	LIMA1_MOUSE	753
Q9SV46	Q9SV46	reviewed	PP282_ARATH	851
O24413	O24413	reviewed	RLA3_MAIZE	120
P35198	P35198	reviewed	MTH1_YEAST	433
O59791	O59791	reviewed	SRR_SCHPO	323
Q09873	Q09873	reviewed	WDR21_SCHPO	420
Q9FLT9	Q9FLT9	reviewed	HP302_ARATH	259
O88513	O88513	reviewed	GEMI_MOUSE	206
P0DN83	P0DN83	reviewed	DWORF_MOUSE	34
P84010	P84010	reviewed	OTC_SHEEP	355
Q5AL49	Q5AL49	reviewed	SEC2_CANAL	751
Q949P2	Q949P2	reviewed	COPDA_ARATH	701
Q38956	Q38956	reviewed	DTX29_ARATH	500
B5KM66	B5KM66	reviewed	SYCE3_MOUSE	88
O82286	O82286	reviewed	BPC7_ARATH	226
Q38AH1	Q38AH1	reviewed	PGAMI_TRYB2	551
O14198	O14198	reviewed	MED18_SCHPO	207
Q6NVF0	Q6NVF0	reviewed	OCRL_MOUSE	900
Q8K0F1	Q8K0F1	reviewed	TBC23_MOUSE	684
Q9NWT8	Q9NWT8	reviewed	AKIP_HUMAN	199
P27766	P27766	reviewed	DYI3_CHLRE	567
O13855	O13855	reviewed	RQT4_SCHPO	455
Q22640	Q22640	reviewed	ERH_CAEEL	103
Q9P6Q6	Q9P6Q6	reviewed	CET1_SCHPO	303
Q5FWP4	Q5FWP4	reviewed	CHFR_XENLA	625
Q94KE2	Q94KE2	reviewed	TIC_ARATH	1550
Q08331	Q08331	reviewed	CALB2_MOUSE	271
B1AWL2	B1AWL2	reviewed	ZN462_MOUSE	2495
Q99385	Q99385	reviewed	VCX1_YEAST	411
G5EDQ2	G5EDQ2	reviewed	HMG12_CAEEL	315
O43167	O43167	reviewed	ZBT24_HUMAN	697
Q99N07	Q99N07	reviewed	M4A6D_MOUSE	247
Q9CQ13	Q9CQ13	reviewed	COPRS_MOUSE	173
Q91ZR5	Q91ZR5	reviewed	CTSR1_MOUSE	686
Q9DCL4	Q9DCL4	reviewed	MET15_MOUSE	406
Q941R4	Q941R4	reviewed	GONS1_ARATH	333
Q99280	Q99280	reviewed	CY43_TRYBB	1229
P70399	P70399	reviewed	TP53B_MOUSE	1969
Q8L3P4	Q8L3P4	reviewed	THAL_ARATH	654
Q969X6	Q969X6	reviewed	UTP4_HUMAN	686
Q18919	Q18919	reviewed	RCORB_CAEEL	558
P56782	P56782	reviewed	PSBK_ARATH	61
F4IAX0	F4IAX0	reviewed	CAOA2_ARATH	677
P17665	P17665	reviewed	COX7C_MOUSE	63
P07665	P07665	reviewed	SRYB_DROME	356
P84187	P84187	reviewed	SGAT_MAIZE	136
Q8N5T2	Q8N5T2	reviewed	TBC19_HUMAN	526
Q6AWG9	Q6AWG9	reviewed	Y5098_DROME	1238
O88746	O88746	reviewed	TOM1_MOUSE	492
Q9TU23	Q9TU23	reviewed	CE290_BOVIN	1468
Q03429	Q03429	reviewed	MZM1_YEAST	123
Q9FZ89	Q9FZ89	reviewed	Y1815_ARATH	123
P51534	P51534	reviewed	SHE4_YEAST	789
Q9W2Q7	Q9W2Q7	reviewed	IPPK_DROME	621
Q6PJG6	Q6PJG6	reviewed	BRAT1_HUMAN	821
P38374	P38374	reviewed	YSY6_YEAST	65
Q9XWR1	Q9XWR1	reviewed	FLH1_CAEEL	507
F4J7T2	F4J7T2	reviewed	EAF1B_ARATH	1907
O43298	O43298	reviewed	ZBT43_HUMAN	467
P40156	P40156	reviewed	RRG9_YEAST	214
P40207	P40207	reviewed	ERG29_YEAST	237
Q5BU09	Q5BU09	reviewed	EAPP_MOUSE	281
J9QS25	J9QS25	reviewed	MTS26_SELML	367
O14513	O14513	reviewed	NCKP5_HUMAN	1909
A0A386CAB9	A0A386CAB9	reviewed	NLRP1_DANRE	1355
P59913	P59913	reviewed	PCMD1_MOUSE	357
J9VT48	J9VT48	reviewed	MKT1_CRYNH	768
Q12504	Q12504	reviewed	RKM4_YEAST	494
P05938	P05938	reviewed	LBP_RENRE	184
P86786	P86786	reviewed	GIGA3_CRAGI	284
Q12510	Q12510	reviewed	CMR1_YEAST	522
Q9NTJ4	Q9NTJ4	reviewed	MA2C1_HUMAN	1040
Q8R2Q0	Q8R2Q0	reviewed	TRI29_MOUSE	587
Q94FT2	Q94FT2	reviewed	SKIP5_ARATH	274
F4JV59	F4JV59	reviewed	CABIN_ARATH	1863
Q9D2Q8	Q9D2Q8	reviewed	S10AE_MOUSE	104
Q3UHH1	Q3UHH1	reviewed	ZSWM8_MOUSE	1832
Q922D4	Q922D4	reviewed	PP6R3_MOUSE	844
P49902	P49902	reviewed	5NTC_HUMAN	561
Q86UK7	Q86UK7	reviewed	ZN598_HUMAN	904
Q6AYJ5	Q6AYJ5	reviewed	CLUA1_RAT	402
O74958	O74958	reviewed	MMI1_SCHPO	488
Q8SUG0	Q8SUG0	reviewed	NTT3_ENCCU	543
P98190	P98190	reviewed	MBP_CAROB	128
Q60850	Q60850	reviewed	S23A3_MOUSE	611
P43246	P43246	reviewed	MSH2_HUMAN	934
Q03248	Q03248	reviewed	BUP1_RAT	393
Q9D0K0	Q9D0K0	reviewed	TBCD7_MOUSE	293
Q9NUN7	Q9NUN7	reviewed	ACER3_HUMAN	267
Q94AQ9	Q94AQ9	reviewed	SGRL_ARATH	260
Q8BQR4	Q8BQR4	reviewed	KANL2_MOUSE	486
Q96LM5	Q96LM5	reviewed	SMIP2_HUMAN	186
Q9CZH7	Q9CZH7	reviewed	MXRA7_MOUSE	178
Q6P5X5	Q6P5X5	reviewed	CV039_HUMAN	142
P45587	P45587	reviewed	CU79B_LOCMI	131
Q9Y5W8	Q9Y5W8	reviewed	SNX13_HUMAN	968
D7PI18	D7PI18	reviewed	GSFD_PENAE	378
Q9FNY2	Q9FNY2	reviewed	DPB_ARATH	385
Q10668	Q10668	reviewed	SWI2_SCHPO	722
Q9NF14	Q9NF14	reviewed	BAT40_CAEEL	402
Q0V7P8	Q0V7P8	reviewed	FBD15_ARATH	459
P87216	P87216	reviewed	VIPI_SCHPO	257
O13892	O13892	reviewed	YE38_SCHPO	1076
Q91XA2	Q91XA2	reviewed	GOLM1_MOUSE	393
P53962	P53962	reviewed	YND5_YEAST	389
Q8C3Y4	Q8C3Y4	reviewed	KNTC1_MOUSE	2207
Q6AYH9	Q6AYH9	reviewed	DAAF1_RAT	633
Q61069	Q61069	reviewed	USF1_MOUSE	310
Q12517	Q12517	reviewed	DCP1_YEAST	231
B7FAS0	B7FAS0	reviewed	MCD1_CAEEL	901
Q00947	Q00947	reviewed	STP1_YEAST	519
Q08818	Q08818	reviewed	MSC6_YEAST	692
P08525	P08525	reviewed	QCR8_YEAST	94
Q55DR6	Q55DR6	reviewed	FCSA_DICDI	667
P38278	P38278	reviewed	BMT2_YEAST	337
Q8NHV1	Q8NHV1	reviewed	GIMA7_HUMAN	300
Q9CQ22	Q9CQ22	reviewed	LTOR1_MOUSE	161
Q8IM00	Q8IM00	reviewed	YPF03_PLAF7	875
Q05899	Q05899	reviewed	YL297_YEAST	129
B2RXC1	B2RXC1	reviewed	TPC11_MOUSE	1133
A2RTF1	A2RTF1	reviewed	CTSRB_MOUSE	1109
P50904	P50904	reviewed	RASA1_RAT	1038
P23645	P23645	reviewed	BIB_DROME	696
A0A1D8PL68	A0A1D8PL68	reviewed	RL40B_CANAL	52
Q2U8Y3	Q2U8Y3	reviewed	AA13_ASPOR	279
P32605	P32605	reviewed	RU1A_YEAST	298
Q86UY5	Q86UY5	reviewed	FA83A_HUMAN	434
Q9M7I7	Q9M7I7	reviewed	CLH2_ARATH	318
U3N9N6	U3N9N6	reviewed	CAH_SARSX	341
Q9Y3A0	Q9Y3A0	reviewed	COQ4_HUMAN	265
F1RE08	F1RE08	reviewed	PTGIS_DANRE	480
O54824	O54824	reviewed	IL16_MOUSE	1322
Q8K0Q5	Q8K0Q5	reviewed	RHG18_MOUSE	663
Q8SSI8	Q8SSI8	reviewed	CDC3_ENCCU	371
Q12383	Q12383	reviewed	TRM13_YEAST	476
Q9H741	Q9H741	reviewed	SPRNG_HUMAN	205
Q9SJM6	Q9SJM6	reviewed	SAP4_ARATH	161
Q8WXX0	Q8WXX0	reviewed	DYH7_HUMAN	4024
O93343	O93343	reviewed	GBP_XENLA	169
Q6ZV89	Q6ZV89	reviewed	SH2D5_HUMAN	423
P32526	P32526	reviewed	KAR9_YEAST	644
Q14656	Q14656	reviewed	TM187_HUMAN	261
P50078	P50078	reviewed	TOS2_YEAST	622
Q9C7S0	Q9C7S0	reviewed	BZP60_ARATH	295
Q9P6M7	Q9P6M7	reviewed	MUG99_SCHPO	526
P25390	P25390	reviewed	SSK22_YEAST	1331
O94494	O94494	reviewed	CENPK_SCHPO	277
Q9R1C7	Q9R1C7	reviewed	PR40A_MOUSE	953
P38771	P38771	reviewed	RRF1_YEAST	230
Q80YR2	Q80YR2	reviewed	FHI2B_MOUSE	744
Q9UI40	Q9UI40	reviewed	NCKX2_HUMAN	661
B3EWY9	B3EWY9	reviewed	MLP_ACRMI	1594
Q6CUV9	Q6CUV9	reviewed	LCD1_KLULA	664
P48837	P48837	reviewed	NUP57_YEAST	541
Q09808	Q09808	reviewed	SMN_SCHPO	152
P32074	P32074	reviewed	COPG_YEAST	935
B3FWS3	B3FWS3	reviewed	HPM7_HYPSB	602
O59836	O59836	reviewed	HIM1_SCHPO	545
Q8I1U7	Q8I1U7	reviewed	SMC3_PLAF7	1193
P0C895	P0C895	reviewed	Y2010_ARATH	374
Q03208	Q03208	reviewed	YML9_YEAST	357
Q9C0D6	Q9C0D6	reviewed	FHDC1_HUMAN	1143
Q9Y2P8	Q9Y2P8	reviewed	RCL1_HUMAN	373
Q9EQZ6	Q9EQZ6	reviewed	RPGF4_MOUSE	1011
Q64282	Q64282	reviewed	IFIT1_MOUSE	463
Q682V0	Q682V0	reviewed	XRCC4_ARATH	264
P32480	P32480	reviewed	HIR2_YEAST	875
Q13185	Q13185	reviewed	CBX3_HUMAN	183
Q4V7A4	Q4V7A4	reviewed	FSCB_RAT	812
Q16594	Q16594	reviewed	TAF9_HUMAN	264
O80683	O80683	reviewed	CAB25_ARATH	238
Q28635	Q28635	reviewed	SGCB_RABIT	318
Q9V7W1	Q9V7W1	reviewed	PIGV_DROME	449
F4J5M9	F4J5M9	reviewed	CLC3_ARATH	258
O14598	O14598	reviewed	VCY1_HUMAN	125
P19589	P19589	reviewed	PSBQ_PEA	32
D3U717	D3U717	reviewed	AROD3_PETHY	434
Q9H2I8	Q9H2I8	reviewed	LRMDA_HUMAN	198
Q9GGE2	Q9GGE2	reviewed	RR14_CHLRE	100
B2ZRS9	B2ZRS9	reviewed	CNL_CLINE	149
Q9ZQZ6	Q9ZQZ6	reviewed	R7SL2_ARATH	263
P38323	P38323	reviewed	CLPX_YEAST	520
O75362	O75362	reviewed	ZN217_HUMAN	1048
Q8C8M1	Q8C8M1	reviewed	SHCAF_MOUSE	221
O59762	O59762	reviewed	GNR1_SCHPO	399
P07213	P07213	reviewed	TOM70_YEAST	617
Q8TES7	Q8TES7	reviewed	FBF1_HUMAN	1133
Q7TSS2	Q7TSS2	reviewed	UB2Q1_MOUSE	422
Q386N1	Q386N1	reviewed	CFA91_TRYB2	709
Q5U4C3	Q5U4C3	reviewed	SFR19_MOUSE	1256
B7T7N1	B7T7N1	reviewed	MFP2_ACRMI	112
Q9M098	Q9M098	reviewed	EBFC1_ARATH	180
Q9VQU9	Q9VQU9	reviewed	BOWEL_DROME	744
Q61211	Q61211	reviewed	EIF2D_MOUSE	570
Q9LSE4	Q9LSE4	reviewed	CCB1_ARATH	267
Q9BSQ5	Q9BSQ5	reviewed	CCM2_HUMAN	444
P34453	P34453	reviewed	PEX19_CAEEL	282
P80740	P80740	reviewed	SODC1_OLEEU	30
A9RNY0	A9RNY0	reviewed	SOK4_PHYPA	390
P53256	P53256	reviewed	RRP46_YEAST	223
Q5B5E0	Q5B5E0	reviewed	SNF7_EMENI	242
Q02959	Q02959	reviewed	HOS3_YEAST	697
P38229	P38229	reviewed	GIP1_YEAST	639
P27636	P27636	reviewed	CDC15_YEAST	974
Q9D967	Q9D967	reviewed	MGDP1_MOUSE	164
O08837	O08837	reviewed	CDC5L_RAT	802
A8WTE8	A8WTE8	reviewed	TRR1_CAEBR	4115
Q8N999	Q8N999	reviewed	RLIG1_HUMAN	325
Q9WVG7	Q9WVG7	reviewed	OSR1_MOUSE	266
P86463	P86463	reviewed	BDS52_BUNCN	33
Q8SY33	Q8SY33	reviewed	GAWKY_DROME	1384
Q5TC63	Q5TC63	reviewed	GRTP1_HUMAN	336
Q7XJS0	Q7XJS0	reviewed	ASHR1_ARATH	480
Q923B0	Q923B0	reviewed	GGACT_MOUSE	149
Q59VQ8	Q59VQ8	reviewed	WAR1_CANAL	947
P47002	P47002	reviewed	SSY5_YEAST	699
Q9S9N6	Q9S9N6	reviewed	PNSB1_ARATH	461
C6KYS2	C6KYS2	reviewed	SYMPP_STHOU	501
O42874	O42874	reviewed	STU1_SCHPO	1462
P39937	P39937	reviewed	PAC2_YEAST	518
Q8WW18	Q8WW18	reviewed	CQ050_HUMAN	174
O95072	O95072	reviewed	REC8_HUMAN	547
P53158	P53158	reviewed	KXD1_YEAST	218
P47093	P47093	reviewed	LSM8_YEAST	109
Q8IM04	Q8IM04	reviewed	YPF04_PLAF7	198
Q9JJX6	Q9JJX6	reviewed	P2RX4_MOUSE	388
P07266	P07266	reviewed	MRS1_YEAST	363
P17629	P17629	reviewed	HPR1_YEAST	752
Q96FX7	Q96FX7	reviewed	TRM61_HUMAN	289
P36632	P36632	reviewed	RAD26_SCHPO	614
O95415	O95415	reviewed	BRI3_HUMAN	125
Q03735	Q03735	reviewed	NAB6_YEAST	1134
Q9VDZ3	Q9VDZ3	reviewed	SQZ_DROME	535
Q8N9I5	Q8N9I5	reviewed	FADS6_HUMAN	356
Q944N1	Q944N1	reviewed	LHP1_SOLLC	399
Q84L08	Q84L08	reviewed	GFT1_ARATH	341
P29465	P29465	reviewed	CHS3_YEAST	1165
P80615	P80615	reviewed	UC09_MAIZE	32
Q8BHE1	Q8BHE1	reviewed	GEMI8_MOUSE	238
O59755	O59755	reviewed	CUT12_SCHPO	548
Q8L7C2	Q8L7C2	reviewed	CFM2_ARATH	1011
Q9LX49	Q9LX49	reviewed	PRN1_ARATH	287
P80642	P80642	reviewed	UC36_MAIZE	52
Q96PG8	Q96PG8	reviewed	BBC3B_HUMAN	261
P42286	P42286	reviewed	THR_DROME	1379
G3GBU6	G3GBU6	reviewed	BEA2_GIBIN	390
P11137	P11137	reviewed	MTAP2_HUMAN	1827
P0DQU2	P0DQU2	reviewed	AMPE_GLOBL	57
Q39266	Q39266	reviewed	ZFP7_ARATH	209
Q4V3D3	Q4V3D3	reviewed	PUX9_ARATH	469
Q8TDT2	Q8TDT2	reviewed	GP152_HUMAN	470
Q8TDM6	Q8TDM6	reviewed	DLG5_HUMAN	1919
B7WN96	B7WN96	reviewed	ELT3_CAEEL	317
G4N137	G4N137	reviewed	TAS1_MAGO7	1728
Q9SDK9	Q9SDK9	reviewed	RFA3_ORYSJ	106
A0A0U5GJY1	A0A0U5GJY1	reviewed	AUSQ_ASPCI	502
Q7Z7L7	Q7Z7L7	reviewed	ZER1_HUMAN	766
Q810F1	Q810F1	reviewed	CTL2_CAVPO	705
Q91Z80	Q91Z80	reviewed	LIPA4_RAT	1043
Q9NSI6	Q9NSI6	reviewed	BRWD1_HUMAN	2320
Q9C108	Q9C108	reviewed	YKT1_SCHPO	163
Q9XFT3	Q9XFT3	reviewed	PSBQ1_ARATH	224
O00370	O00370	reviewed	LORF2_HUMAN	1275
P27204	P27204	reviewed	H1L6_ENSMI	101
Q6DBH0	Q6DBH0	reviewed	APD2_ARATH	444
P82212	P82212	reviewed	UP14_BOMMO	35
Q9S814	Q9S814	reviewed	EIN2_ARATH	1294
P05390	P05390	reviewed	RLA2_WHEAT	42
Q8RXE7	Q8RXE7	reviewed	AGD14_ARATH	649
P10662	P10662	reviewed	RT01_YEAST	321
P25365	P25365	reviewed	SED4_YEAST	1065
P40065	P40065	reviewed	MAM1_YEAST	302
A6PVS8	A6PVS8	reviewed	LRIQ3_HUMAN	624
Q8BJ71	Q8BJ71	reviewed	NUP93_MOUSE	819
Q6NZQ4	Q6NZQ4	reviewed	PAXI1_MOUSE	1056
Q8K136	Q8K136	reviewed	SCNM1_MOUSE	229
Q09135	Q09135	reviewed	RO40_ARTSA	109
P04710	P04710	reviewed	ADT1_YEAST	309
P78412	P78412	reviewed	IRX6_HUMAN	446
P86452	P86452	reviewed	ZBED6_HUMAN	979
Q04329	Q04329	reviewed	ICY1_YEAST	127
O22892	O22892	reviewed	NOP53_ARATH	442
Q9SYQ0	Q9SYQ0	reviewed	IDM3_ARATH	463
Q99MX7	Q99MX7	reviewed	T121B_MOUSE	572
Q6PK18	Q6PK18	reviewed	OGFD3_HUMAN	319
P33076	P33076	reviewed	C2TA_HUMAN	1130
Q9VIP8	Q9VIP8	reviewed	VLS_DROME	367
Q3UPL0	Q3UPL0	reviewed	SC31A_MOUSE	1230
Q4LEZ3	Q4LEZ3	reviewed	AARD_HUMAN	155
Q8BH18	Q8BH18	reviewed	TM117_MOUSE	514
P36144	P36144	reviewed	RL1D1_YEAST	274
Q36258	Q36258	reviewed	ATP6_YARLI	255
Q9UTT2	Q9UTT2	reviewed	RSE1_SCHPO	1206
Q9C9Q4	Q9C9Q4	reviewed	JAC1_ARATH	651
P11738	P11738	reviewed	CU54_LOCMI	31
P59082	P59082	reviewed	LFS_ALLCE	169
Q3UUX7	Q3UUX7	reviewed	CD046_MOUSE	111
Q9Y328	Q9Y328	reviewed	NSG2_HUMAN	171
P19881	P19881	reviewed	PNPP_YEAST	312
Q03776	Q03776	reviewed	PRP42_YEAST	544
Q8JZU0	Q8JZU0	reviewed	NUD13_MOUSE	352
P14221	P14221	reviewed	GLPA_MACFU	144
Q93V66	Q93V66	reviewed	FAX1_ARATH	226
Q99344	Q99344	reviewed	UBA3_YEAST	299
P47015	P47015	reviewed	AIM23_YEAST	356
Q93VR9	Q93VR9	reviewed	SEH1_ARATH	326
P37842	P37842	reviewed	CYTM_SOLTU	756
Q9SS80	Q9SS80	reviewed	OPS_ARATH	685
P36525	P36525	reviewed	RM24_YEAST	258
Q8AVN9	Q8AVN9	reviewed	ZN346_XENLA	524
P15807	P15807	reviewed	MET8_YEAST	274
Q58WW2	Q58WW2	reviewed	DCAF6_HUMAN	860
Q9WVC7	Q9WVC7	reviewed	AKAP6_RAT	2314
Q9UST5	Q9UST5	reviewed	RRN7_SCHPO	537
Q7KQM6	Q7KQM6	reviewed	GGYF1_DROME	1574
P53280	P53280	reviewed	CF130_YEAST	1122
P53401	P53401	reviewed	SUCA3_TRIVA	309
Q5VZR4	Q5VZR4	reviewed	MF14C_HUMAN	150
Q03579	Q03579	reviewed	LIP1_YEAST	150
Q8LGI3	Q8LGI3	reviewed	ARC2A_ARATH	318
Q9CZD5	Q9CZD5	reviewed	IF3M_MOUSE	276
P37293	P37293	reviewed	NAT2_YEAST	288
Q3UQS2	Q3UQS2	reviewed	LSME1_MOUSE	128
Q8BSA9	Q8BSA9	reviewed	TYW3_MOUSE	257
Q0V7X4	Q0V7X4	reviewed	FIT_ARATH	318
O23661	O23661	reviewed	ARFC_ARATH	608
P86197	P86197	reviewed	ODP2_MESAU	219
Q9C633	Q9C633	reviewed	AGL97_ARATH	266
D2J0Y4	D2J0Y4	reviewed	CJ090_MOUSE	644
P40219	P40219	reviewed	OSW5_YEAST	148
P87244	P87244	reviewed	ALP16_SCHPO	759
P40022	P40022	reviewed	YEM4_YEAST	185
Q9QYJ6	Q9QYJ6	reviewed	PDE10_RAT	794
Q8AW52	Q8AW52	reviewed	ATOH7_DANRE	134
Q91WG2	Q91WG2	reviewed	RABE2_MOUSE	554
Q8R3B1	Q8R3B1	reviewed	PLCD1_MOUSE	756
Q9UW81	Q9UW81	reviewed	NOP1_NEUCR	304
Q12234	Q12234	reviewed	RUD3_YEAST	484
P28777	P28777	reviewed	AROC_YEAST	376
Q8N912	Q8N912	reviewed	NRAC_HUMAN	160
Q9BWH6	Q9BWH6	reviewed	RPAP1_HUMAN	1393
Q9W148	Q9W148	reviewed	URI_DROME	731
Q9XIA7	Q9XIA7	reviewed	TOM6_ARATH	54
A2YMU2	A2YMU2	reviewed	RRFC_ORYSI	266
Q08646	Q08646	reviewed	SSP2_YEAST	371
Q16635	Q16635	reviewed	TAZ_HUMAN	262
Q26635	Q26635	reviewed	ATBP_SARPE	354
A8HUA1	A8HUA1	reviewed	CFA58_CHLRE	863
Q8IEG9	Q8IEG9	reviewed	LIPLA_PLAF7	408
Q8IMX7	Q8IMX7	reviewed	MIRO_DROME	652
P38851	P38851	reviewed	LAM1_YEAST	1228
Q9N5K3	Q9N5K3	reviewed	SYP4_CAEEL	605
Q9NUD5	Q9NUD5	reviewed	ZCHC3_HUMAN	403
Q9VKD7	Q9VKD7	reviewed	ZUC_DROME	253
Q8INF0	Q8INF0	reviewed	GCY8E_DROME	1097
P38042	P38042	reviewed	CDC27_YEAST	758
O95785	O95785	reviewed	WIZ_HUMAN	1651
Q12096	Q12096	reviewed	GNT1_YEAST	491
Q8WQC0	Q8WQC0	reviewed	RGS7_CAEEL	819
Q9WTV7	Q9WTV7	reviewed	RNF12_MOUSE	600
Q61595	Q61595	reviewed	KTN1_MOUSE	1327
Q924Z6	Q924Z6	reviewed	XPO6_MOUSE	1125
Q2NKX9	Q2NKX9	reviewed	CB068_HUMAN	166
O15504	O15504	reviewed	NUP42_HUMAN	423
P09407	P09407	reviewed	ITI3_MOMCH	62
P39689	P39689	reviewed	CDN1A_MOUSE	159
P53242	P53242	reviewed	YG29_YEAST	292
Q91V09	Q91V09	reviewed	WDR13_MOUSE	485
P39999	P39999	reviewed	YEB4_YEAST	101
Q9I9N6	Q9I9N6	reviewed	ASC_DANRE	203
Q3U821	Q3U821	reviewed	WDR75_MOUSE	830
Q60900	Q60900	reviewed	ELAV3_MOUSE	367
D4A3U0	D4A3U0	reviewed	GPR22_RAT	432
P49450	P49450	reviewed	CENPA_HUMAN	140
Q96EZ4	Q96EZ4	reviewed	MYEOV_HUMAN	313
P38783	P38783	reviewed	FYV4_YEAST	130
Q9P7H6	Q9P7H6	reviewed	YLK3_SCHPO	355
P32798	P32798	reviewed	COT1_YEAST	439
Q3UYI6	Q3UYI6	reviewed	FUZZY_MOUSE	415
Q9VS50	Q9VS50	reviewed	ECO_DROME	1052
Q9H8Y5	Q9H8Y5	reviewed	ANKZ1_HUMAN	726
Q8SR54	Q8SR54	reviewed	IMPO_ENCCU	939
Q12447	Q12447	reviewed	PAA1_YEAST	191
P35573	P35573	reviewed	GDE_HUMAN	1532
P06174	P06174	reviewed	HEM4_YEAST	275
P0DSK8	P0DSK8	reviewed	TX1AA_ECTBR	40
Q03219	Q03219	reviewed	YM44_YEAST	274
Q538Z0	Q538Z0	reviewed	LUZP6_HUMAN	58
Q9VIV2	Q9VIV2	reviewed	SWM_DROME	1062
Q9P7M1	Q9P7M1	reviewed	DEP1_SCHPO	491
Q7ZT82	Q7ZT82	reviewed	RFX1L_DANRE	382
Q54BX3	Q54BX3	reviewed	HSL63_DICDI	88
P32761	P32761	reviewed	DNE1_CHLMO	218
Q6ZWK4	Q6ZWK4	reviewed	RHEX_HUMAN	172
O16242	O16242	reviewed	NCX9_CAEEL	651
Q5M831	Q5M831	reviewed	DBND1_RAT	160
Q9Z2P8	Q9Z2P8	reviewed	VAMP5_MOUSE	102
Q22560	Q22560	reviewed	IMA1_CAEEL	524
Q0P5N6	Q0P5N6	reviewed	ARL16_HUMAN	197
Q7XZU0	Q7XZU0	reviewed	SAC9_ARATH	1630
O82775	O82775	reviewed	ATI1_ARATH	256
W8EFS0	W8EFS0	reviewed	V5NTD_MACLB	408
O21619	O21619	reviewed	COX3_SHEEP	261
C0HLF1	C0HLF1	reviewed	TSTD_DICDI	154
Q6P4A7	Q6P4A7	reviewed	SFXN4_HUMAN	337
P0DPF2	P0DPF2	reviewed	NBPFK_HUMAN	5207
D0Z5N4	D0Z5N4	reviewed	E2AKB_CAEEL	1699
Q8BHG2	Q8BHG2	reviewed	CZIB_MOUSE	160
O35826	O35826	reviewed	GLCNE_RAT	722
Q8RWN0	Q8RWN0	reviewed	ULP1C_ARATH	571
P92186	P92186	reviewed	LIN28_CAEEL	227
Q8VZT8	Q8VZT8	reviewed	RT11_ARATH	314
Q8N0X7	Q8N0X7	reviewed	SPART_HUMAN	666
O77203	O77203	reviewed	PIAA_DICDI	1148
Q95281	Q95281	reviewed	RL29_PIG	160
Q8VY52	Q8VY52	reviewed	PPD2_ARATH	232
Q4G005	Q4G005	reviewed	ERCC3_RAT	782
Q94FL6	Q94FL6	reviewed	MY124_ARATH	436
Q9SL49	Q9SL49	reviewed	AKB9B_ARATH	507
A8MTZ0	A8MTZ0	reviewed	BBIP1_HUMAN	92
W6CW81	W6CW81	reviewed	PYDC5_HUMAN	113
Q9FPE8	Q9FPE8	reviewed	HHO3_ARATH	344
P20120	P20120	reviewed	PSAG_PEA	39
Q60862	Q60862	reviewed	ORC2_MOUSE	576
Q99321	Q99321	reviewed	DDP1_YEAST	188
Q9VKJ3	Q9VKJ3	reviewed	NU160_DROME	1411
P32579	P32579	reviewed	SUA5_YEAST	426
P83856	P83856	reviewed	KNG_GADMO	123
P20015	P20015	reviewed	PRTT_PARAQ	293
Q6X632	Q6X632	reviewed	GPR75_MOUSE	540
Q9ULV3	Q9ULV3	reviewed	CIZ1_HUMAN	898
P48185	P48185	reviewed	PSAM_CYAPA	31
Q12285	Q12285	reviewed	MDY2_YEAST	212
Q92353	Q92353	reviewed	UBP6_SCHPO	468
Q7TPW1	Q7TPW1	reviewed	NEXN_MOUSE	607
Q05949	Q05949	reviewed	BUR2_YEAST	395
Q17TI5	Q17TI5	reviewed	BRX_ARATH	344
Q96KV7	Q96KV7	reviewed	WDR90_HUMAN	1748
H7BZ55	H7BZ55	reviewed	CRCC2_HUMAN	1653
O14210	O14210	reviewed	IES2_SCHPO	295
Q7K5K3	Q7K5K3	reviewed	ODPB_DROME	365
O59748	O59748	reviewed	CTK2_SCHPO	335
Q7TNK1	Q7TNK1	reviewed	RFX4_MOUSE	735
P32335	P32335	reviewed	MSS51_YEAST	436
Q9JIH2	Q9JIH2	reviewed	NUP50_MOUSE	466
Q2HJI0	Q2HJI0	reviewed	RM19_BOVIN	292
Q8K4Z5	Q8K4Z5	reviewed	SF3A1_MOUSE	791
Q8H0V5	Q8H0V5	reviewed	OCP3_ARATH	354
P53136	P53136	reviewed	NSA1_YEAST	463
P38890	P38890	reviewed	SET5_YEAST	526
P19666	P19666	reviewed	SODF_TETPY	196
Q9LJL3	Q9LJL3	reviewed	PREP1_ARATH	1080
Q3UBG2	Q3UBG2	reviewed	PCLI1_MOUSE	217
C3SBS8	C3SBS8	reviewed	TNMT_ESCCA	350
Q21341	Q21341	reviewed	LET99_CAEEL	698
P38855	P38855	reviewed	PEX18_YEAST	283
M9MRD1	M9MRD1	reviewed	MS300_DROME	12345
Q6R4B4	Q6R4B4	reviewed	GST_ALTAL	231
Q8BJL0	Q8BJL0	reviewed	SMAL1_MOUSE	910
Q9ET43	Q9ET43	reviewed	CLD12_MOUSE	244
P40478	P40478	reviewed	VDAC2_YEAST	281
Q0VGT4	Q0VGT4	reviewed	ZGRF1_MOUSE	1863
O93614	O93614	reviewed	GDS1A_XENLA	607
Q9WUF3	Q9WUF3	reviewed	C8AP2_MOUSE	1962
Q9H5L6	Q9H5L6	reviewed	THAP9_HUMAN	903
Q9BV29	Q9BV29	reviewed	CCD32_HUMAN	185
Q9DBW3	Q9DBW3	reviewed	NATD1_MOUSE	110
Q9H8Y1	Q9H8Y1	reviewed	VRTN_HUMAN	702
Q8BHE4	Q8BHE4	reviewed	TM108_MOUSE	574
Q9SFB0	Q9SFB0	reviewed	DTX43_ARATH	526
Q9FZ96	Q9FZ96	reviewed	PUP1_ARATH	356
Q9LI74	Q9LI74	reviewed	CHUP1_ARATH	1004
Q60664	Q60664	reviewed	IRAG2_MOUSE	539
P30754	P30754	reviewed	CAFF_RIFPA	1027
Q39238	Q39238	reviewed	TSL_ARATH	688
Q9VS48	Q9VS48	reviewed	SLX4_DROME	1145
P57086	P57086	reviewed	SCND1_HUMAN	179
P42925	P42925	reviewed	PXMP2_MOUSE	194
P61407	P61407	reviewed	TDRD6_MOUSE	2134
P46984	P46984	reviewed	GON7_YEAST	123
P27929	P27929	reviewed	NAM9_YEAST	486
Q09293	Q09293	reviewed	TOFU6_CAEEL	367
P40457	P40457	reviewed	MLP2_YEAST	1679
O13927	O13927	reviewed	THT2_SCHPO	201
P53803	P53803	reviewed	RPAB4_HUMAN	58
Q04013	Q04013	reviewed	YHM2_YEAST	314
Q06449	Q06449	reviewed	PIN3_YEAST	215
Q8LDV3	Q8LDV3	reviewed	Y4320_ARATH	185
Q9JM14	Q9JM14	reviewed	NT5C_MOUSE	200
P53835	P53835	reviewed	PRM1_YEAST	661
P80268	P80268	reviewed	NUO2_SOLTU	30
P10098	P10098	reviewed	PSAC_SPIOL	81
Q8VCS6	Q8VCS6	reviewed	MED9_MOUSE	142
Q9CYS6	Q9CYS6	reviewed	CB072_MOUSE	286
P05066	P05066	reviewed	PHR_YEAST	565
Q9UKV5	Q9UKV5	reviewed	AMFR_HUMAN	643
Q6NT04	Q6NT04	reviewed	TIGD7_HUMAN	549
B5DF41	B5DF41	reviewed	SNPH_RAT	504
P21705	P21705	reviewed	DAL82_YEAST	255
Q96K76	Q96K76	reviewed	UBP47_HUMAN	1375
P80431	P80431	reviewed	COX7B_RAT	80
Q96K80	Q96K80	reviewed	ZC3HA_HUMAN	434
O22397	O22397	reviewed	POT1_ARATH	712
P34078	P34078	reviewed	LTV1_YEAST	463
P14737	P14737	reviewed	RAD9_YEAST	1309
Q5FWH3	Q5FWH3	reviewed	GRHL3_MOUSE	603
Q7S5M7	Q7S5M7	reviewed	COX9_NEUCR	64
P50089	P50089	reviewed	YG51_YEAST	785
Q9ULT8	Q9ULT8	reviewed	HECD1_HUMAN	2610
Q9D7H3	Q9D7H3	reviewed	RTCA_MOUSE	366
C0HLT0	C0HLT0	reviewed	IBBB4_HYAOR	57
Q5XIK8	Q5XIK8	reviewed	CTSL2_RAT	465
Q9P7V3	Q9P7V3	reviewed	TSN1_SCHPO	220
P53061	P53061	reviewed	ZIP2_YEAST	704
P15540	P15540	reviewed	CP21A_PIG	492
Q9P7H1	Q9P7H1	reviewed	FLP1_SCHPO	537
Q552M5	Q552M5	reviewed	GEFY_DICDI	1508
Q9BYB4	Q9BYB4	reviewed	GNB1L_HUMAN	327
P21217	P21217	reviewed	FUT3_HUMAN	361
P32806	P32806	reviewed	GYP6_YEAST	458
Q96DX7	Q96DX7	reviewed	TRI44_HUMAN	344
Q9N3S2	Q9N3S2	reviewed	RDE10_CAEEL	627
G5EDW5	G5EDW5	reviewed	ADM2_CAEEL	952
G5EDW7	G5EDW7	reviewed	LIN8_CAEEL	386
Q1T7B7	Q1T7B7	reviewed	CENPP_CHICK	287
Q54RP0	Q54RP0	reviewed	AGTA_DICDI	648
Q8BGF3	Q8BGF3	reviewed	DAA10_MOUSE	357
Q9CAF6	Q9CAF6	reviewed	GYRA_ARATH	950
Q8VC49	Q8VC49	reviewed	IF27B_MOUSE	283
Q9Y6W3	Q9Y6W3	reviewed	CAN7_HUMAN	813
Q9SE96	Q9SE96	reviewed	GEML1_ARATH	259
Q7TNV0	Q7TNV0	reviewed	DEK_MOUSE	380
Q96MT7	Q96MT7	reviewed	CFA44_HUMAN	1854
P85088	P85088	reviewed	ATPBM_VITSX	62
Q8BGW8	Q8BGW8	reviewed	VGLL2_MOUSE	322
Q8W4N3	Q8W4N3	reviewed	UBP2_ARATH	961
Q24145	Q24145	reviewed	SHARK_DROME	939
Q9JKX6	Q9JKX6	reviewed	NUDT5_MOUSE	218
Q8RWD5	Q8RWD5	reviewed	SCD2_ARATH	577
Q9UKE5	Q9UKE5	reviewed	TNIK_HUMAN	1360
Q9CR59	Q9CR59	reviewed	G45IP_MOUSE	222
Q6NRK1	Q6NRK1	reviewed	ADIPA_XENLA	554
Q9W3E2	Q9W3E2	reviewed	PIP82_DROME	1195
Q7L7V1	Q7L7V1	reviewed	DHX32_HUMAN	743
P32523	P32523	reviewed	PRP19_YEAST	503
Q9VH36	Q9VH36	reviewed	CRBN_DROME	585
P40463	P40463	reviewed	VHS2_YEAST	436
Q8IW03	Q8IW03	reviewed	SIAH3_HUMAN	269
P34784	P34784	reviewed	PHEG_AGLNE	317
Q95ZK7	Q95ZK7	reviewed	GLD3_CAEEL	969
P22830	P22830	reviewed	HEMH_HUMAN	423
Q7YWU9	Q7YWU9	reviewed	UBXN5_CAEEL	174
D3YZI9	D3YZI9	reviewed	PGBD5_MOUSE	523
A0AUZ9	A0AUZ9	reviewed	KAL1L_HUMAN	987
Q5ND34	Q5ND34	reviewed	WDR81_MOUSE	1934
A0A0R8YXT5	A0A0R8YXT5	reviewed	MPAO_CLAUC	445
Q9LQ68	Q9LQ68	reviewed	GH34_ARATH	597
Q9BX79	Q9BX79	reviewed	STRA6_HUMAN	667
Q8IYP9	Q8IYP9	reviewed	ZDH23_HUMAN	409
Q61493	Q61493	reviewed	REV3L_MOUSE	3122
Q54CH1	Q54CH1	reviewed	ADCA_DICDI	580
Q9UUH3	Q9UUH3	reviewed	MUG58_SCHPO	277
Q9VHT4	Q9VHT4	reviewed	FUCT1_DROME	337
Q02046	Q02046	reviewed	MTD1_YEAST	320
O60284	O60284	reviewed	ST18_HUMAN	1047
Q9H2Y7	Q9H2Y7	reviewed	ZN106_HUMAN	1883
Q9SB47	Q9SB47	reviewed	SIC_ARATH	319
Q9VVA0	Q9VVA0	reviewed	Y9705_DROME	143
P0DPD7	P0DPD7	reviewed	EFMT4_HUMAN	255
C0HLX7	C0HLX7	reviewed	GLEC_CHOCI	142
Q99N94	Q99N94	reviewed	RM09_MOUSE	265
W0TA05	W0TA05	reviewed	ATG7_KLUMD	606
A6NDP7	A6NDP7	reviewed	MADL2_HUMAN	307
Q9SG11	Q9SG11	reviewed	IQD15_ARATH	352
Q9VR17	Q9VR17	reviewed	ELBA1_DROME	363
Q23045	Q23045	reviewed	EGL13_CAEEL	470
P0DI83	P0DI83	reviewed	NARR_HUMAN	198
Q9TW67	Q9TW67	reviewed	NGLY1_CAEEL	606
Q9VPT1	Q9VPT1	reviewed	GR21A_DROME	454
Q14CZ7	Q14CZ7	reviewed	FAKD3_HUMAN	662
Q6ED65	Q6ED65	reviewed	EMAL5_RAT	1977
Q92545	Q92545	reviewed	TM131_HUMAN	1883
Q924T7	Q924T7	reviewed	RNF31_MOUSE	1066
Q9DBA8	Q9DBA8	reviewed	HUTI_MOUSE	426
Q8WSR2	Q8WSR2	reviewed	DHSD2_ASCSU	141
Q11136	Q11136	reviewed	PEPD_MOUSE	493
Q9FMM7	Q9FMM7	reviewed	AI5L8_ARATH	370
P32569	P32569	reviewed	MED17_YEAST	687
Q9LK10	Q9LK10	reviewed	CLSY4_ARATH	1132
P85413	P85413	reviewed	RGP1_PHODC	60
Q9LTT3	Q9LTT3	reviewed	HMG10_ARATH	319
Q9NT62	Q9NT62	reviewed	ATG3_HUMAN	314
Q12324	Q12324	reviewed	YVC1_YEAST	675
Q8TE49	Q8TE49	reviewed	OTU7A_HUMAN	926
Q84VX3	Q84VX3	reviewed	ALF4_ARATH	626
Q9QXV1	Q9QXV1	reviewed	CBX8_MOUSE	362
P80087	P80087	reviewed	ATPO_SPIOL	32
Q6ZJM9	Q6ZJM9	reviewed	EHD3_ORYSJ	563
P41777	P41777	reviewed	NOLC1_RAT	704
O59776	O59776	reviewed	YCCC_SCHPO	112
Q03981	Q03981	reviewed	CSN9_YEAST	162
Q6AY96	Q6AY96	reviewed	T2FA_RAT	508
Q3MII6	Q3MII6	reviewed	TBC25_HUMAN	688
Q9VB62	Q9VB62	reviewed	DPOA2_DROME	609
Q04073	Q04073	reviewed	P3A2_STRPU	459
Q8LAW2	Q8LAW2	reviewed	AFR_ARATH	372
Q28083	Q28083	reviewed	COBA1_BOVIN	911
Q5M8N4	Q5M8N4	reviewed	D39U1_MOUSE	293
Q99J77	Q99J77	reviewed	SIAS_MOUSE	359
Q15013	Q15013	reviewed	MD2BP_HUMAN	274
B2RPU2	B2RPU2	reviewed	PLHD1_MOUSE	505
Q21480	Q21480	reviewed	ATG2_CAEEL	2290
Q8R1F5	Q8R1F5	reviewed	HYI_MOUSE	277
Q9FQ24	Q9FQ24	reviewed	TON1B_ARATH	257
P80403	P80403	reviewed	IAAI_AMAHP	32
Q9FLU1	Q9FLU1	reviewed	BIN4_ARATH	454
B3EWQ1	B3EWQ1	reviewed	AMP1_TAROF	38
P36160	P36160	reviewed	RPF2_YEAST	344
Q501D2	Q501D2	reviewed	IQD30_ARATH	572
P38264	P38264	reviewed	PHO88_YEAST	188
Q11181	Q11181	reviewed	YPC4_CAEEL	597
P48412	P48412	reviewed	UPF3_YEAST	387
Q94392	Q94392	reviewed	NSF_CAEEL	824
Q9FIB6	Q9FIB6	reviewed	PS12A_ARATH	442
Q21827	Q21827	reviewed	GPTC1_CAEEL	812
P25385	P25385	reviewed	BOS1_YEAST	244
Q3LHL9	Q3LHL9	reviewed	WGE_DROME	1658
Q9VJD3	Q9VJD3	reviewed	COG5_DROME	751
P45585	P45585	reviewed	CU65_LOCMI	145
Q55DV9	Q55DV9	reviewed	CGL_DICDI	387
P27742	P27742	reviewed	ACVA_EMENI	3770
P80220	P80220	reviewed	T22D3_PIG	77
P34437	P34437	reviewed	YL57_CAEEL	471
Q07799	Q07799	reviewed	LMO1_YEAST	665
P34619	P34619	reviewed	SOR1_CAEEL	1000
P0C1D4	P0C1D4	reviewed	PETN_CHLRE	35
Q9W060	Q9W060	reviewed	LYST_DROME	3535
Q05498	Q05498	reviewed	FCF1_YEAST	189
M9MF51	M9MF51	reviewed	MAC2_PSEA3	550
P21769	P21769	reviewed	ODFP1_RAT	245
Q12180	Q12180	reviewed	HAL9_YEAST	1030
Q8R3G9	Q8R3G9	reviewed	TSN8_MOUSE	235
P47977	P47977	reviewed	CTH2_YEAST	285
Q39096	Q39096	reviewed	ERD15_ARATH	163
P84193	P84193	reviewed	AUD_PHACH	900
O94534	O94534	reviewed	ALP14_SCHPO	809
P07258	P07258	reviewed	CARA_YEAST	411
Q6NUP7	Q6NUP7	reviewed	PP4R4_HUMAN	873
P34225	P34225	reviewed	YEL1_YEAST	687
P53604	P53604	reviewed	MSO1_YEAST	210
Q75QN6	Q75QN6	reviewed	DPHS1_ARATH	929
P39678	P39678	reviewed	MBP1_YEAST	833
O74843	O74843	reviewed	SIF1_SCHPO	257
Q9BY32	Q9BY32	reviewed	ITPA_HUMAN	194
Q68FT1	Q68FT1	reviewed	COQ9_RAT	312
Q9C4Z7	Q9C4Z7	reviewed	MINE1_ARATH	229
Q9H269	Q9H269	reviewed	VPS16_HUMAN	839
Q38954	Q38954	reviewed	PHT21_ARATH	587
O74504	O74504	reviewed	YJD1_SCHPO	791
Q9BY41	Q9BY41	reviewed	HDAC8_HUMAN	377
P84753	P84753	reviewed	PERB_ALOVR	188
Q86V20	Q86V20	reviewed	SHLD2_HUMAN	835
Q9CQ91	Q9CQ91	reviewed	NDUA3_MOUSE	84
Q09694	Q09694	reviewed	LYS1_SCHPO	368
Q80V86	Q80V86	reviewed	INT8_MOUSE	995
P84977	P84977	reviewed	GRP3_POPEU	48
A0A1D8PN83	A0A1D8PN83	reviewed	RS11A_CANAL	155
P22135	P22135	reviewed	ATP12_YEAST	325
Q64324	Q64324	reviewed	STXB2_MOUSE	593
Q5H9L2	Q5H9L2	reviewed	TCAL5_HUMAN	206
Q9M2S6	Q9M2S6	reviewed	SDIR1_ARATH	273
Q07084	Q07084	reviewed	SSK1_YEAST	712
Q9CQP8	Q9CQP8	reviewed	CTSRZ_MOUSE	194
B9EJ80	B9EJ80	reviewed	PDZD8_MOUSE	1147
Q9H9D4	Q9H9D4	reviewed	ZN408_HUMAN	720
Q18171	Q18171	reviewed	SPE44_CAEEL	424
Q8MSX1	Q8MSX1	reviewed	ENC_DROME	1818
Q9HB09	Q9HB09	reviewed	B2L12_HUMAN	334
Q9LV09	Q9LV09	reviewed	BOB1_ARATH	304
Q6AYA6	Q6AYA6	reviewed	CYBC1_RAT	187
B9EJA2	B9EJA2	reviewed	CTTB2_MOUSE	1648
P13994	P13994	reviewed	YJU2B_HUMAN	396
Q5ZEP9	Q5ZEP9	reviewed	NFYA2_CAEEL	281
P20658	P20658	reviewed	PR10_CAVPO	92
Q08417	Q08417	reviewed	RSB1_YEAST	382
A0PJX0	A0PJX0	reviewed	CIB4_HUMAN	185
Q9HAZ2	Q9HAZ2	reviewed	PRD16_HUMAN	1276
Q99LS1	Q99LS1	reviewed	MMAD_MOUSE	296
Q9QX67	Q9QX67	reviewed	DAP1_RAT	102
Q7TPD0	Q7TPD0	reviewed	INT3_MOUSE	1041
O09008	O09008	reviewed	MFNG_MOUSE	321
Q09969	Q09969	reviewed	BNIP3_CAEEL	221
Q86TG7	Q86TG7	reviewed	PEG10_HUMAN	708
Q9CPT5	Q9CPT5	reviewed	NOP16_MOUSE	178
Q5JNS0	Q5JNS0	reviewed	TIP2_ORYSJ	379
O15287	O15287	reviewed	FANCG_HUMAN	622
F5H4B4	F5H4B4	reviewed	F227A_HUMAN	570
P17425	P17425	reviewed	HMCS1_RAT	520
Q03338	Q03338	reviewed	PRP3_YEAST	469
Q9H0B6	Q9H0B6	reviewed	KLC2_HUMAN	622
P39547	P39547	reviewed	UIP3_YEAST	235
Q9W1R5	Q9W1R5	reviewed	VIR_DROME	1854
Q9FUW6	Q9FUW6	reviewed	BETV6_BETPN	308
Q2M243	Q2M243	reviewed	CCD27_HUMAN	656
P25587	P25587	reviewed	LDB16_YEAST	256
A2IDD5	A2IDD5	reviewed	CCD78_HUMAN	438
Q8BRK9	Q8BRK9	reviewed	MA2A2_MOUSE	1152
Q9SZ15	Q9SZ15	reviewed	LIP5_ARATH	421
Q5U430	Q5U430	reviewed	UBR3_MOUSE	1889
G5EG86	G5EG86	reviewed	BRC2_CAEEL	394
O94261	O94261	reviewed	CENPH_SCHPO	220
Q7RTU0	Q7RTU0	reviewed	TCF24_HUMAN	167
Q70EL4	Q70EL4	reviewed	UBP43_HUMAN	1123
P41734	P41734	reviewed	IAH1_YEAST	238
Q76PC4	Q76PC4	reviewed	YQ72_SCHPO	562
Q39578	Q39578	reviewed	DYI2_CHLRE	683
Q42676	Q42676	reviewed	TKTC_CRAPL	519
Q6AYK9	Q6AYK9	reviewed	CDYL_RAT	589
P86215	P86215	reviewed	PRDX6_MESAU	50
Q9UI47	Q9UI47	reviewed	CTNA3_HUMAN	895
Q9NPJ3	Q9NPJ3	reviewed	ACO13_HUMAN	140
Q86SQ7	Q86SQ7	reviewed	SDCG8_HUMAN	713
Q9LR64	Q9LR64	reviewed	PB27A_ARATH	174
Q8R3W5	Q8R3W5	reviewed	SEN15_MOUSE	168
B2RYG6	B2RYG6	reviewed	OTUB1_RAT	271
O65282	O65282	reviewed	CH20_ARATH	253
Q5BUB4	Q5BUB4	reviewed	BZP1_PHYIN	234
P22613	P22613	reviewed	STP1_SHEEP	55
Q15274	Q15274	reviewed	NADC_HUMAN	297
O35613	O35613	reviewed	DAXX_MOUSE	739
Q05080	Q05080	reviewed	CYK2_YEAST	669
P20929	P20929	reviewed	NEBU_HUMAN	6669
O81629	O81629	reviewed	KLCR1_ARATH	609
Q9WV76	Q9WV76	reviewed	AP4B1_MOUSE	738
P91928	P91928	reviewed	MIC60_DROME	739
Q06058	Q06058	reviewed	SEI1_YEAST	285
Q96IQ9	Q96IQ9	reviewed	ZN414_HUMAN	312
Q9VCP1	Q9VCP1	reviewed	RAD60_DROME	424
Q8IBP1	Q8IBP1	reviewed	YPF16_PLAF7	3459
Q8SQR8	Q8SQR8	reviewed	HSP7F_ENCCU	658
Q9CPT3	Q9CPT3	reviewed	NANP_MOUSE	248
O59767	O59767	reviewed	MAD3_SCHPO	310
Q6TCH7	Q6TCH7	reviewed	PAQR3_HUMAN	311
P53135	P53135	reviewed	SLD3_YEAST	668
P40385	P40385	reviewed	TO6BL_SCHPO	260
Q95T64	Q95T64	reviewed	PGPLA_DROME	368
Q08258	Q08258	reviewed	GLTB_HORVU	436
P28807	P28807	reviewed	RR16_SPIOL	88
Q9NQ86	Q9NQ86	reviewed	TRI36_HUMAN	728
Q922M7	Q922M7	reviewed	ASHWN_MOUSE	232
A0A0G2JEB6	A0A0G2JEB6	reviewed	CFA47_MOUSE	3184
Q9JJL0	Q9JJL0	reviewed	TSGA8_MOUSE	238
O23299	O23299	reviewed	ECI2_ARATH	240
Q3LHN2	Q3LHN2	reviewed	KR192_HUMAN	52
Q9US09	Q9US09	reviewed	BTN1_SCHPO	396
Q8BJ63	Q8BJ63	reviewed	AP5M1_MOUSE	490
Q9CQK1	Q9CQK1	reviewed	ZNHI3_MOUSE	151
Q9M9F9	Q9M9F9	reviewed	ICR4_ARATH	324
Q8R3P6	Q8R3P6	reviewed	INT14_MOUSE	515
Q96MV1	Q96MV1	reviewed	TLCD4_HUMAN	263
Q9SPU7	Q9SPU7	reviewed	TERT_ARATH	1123
Q96HY7	Q96HY7	reviewed	DHTK1_HUMAN	919
Q02749	Q02749	reviewed	YP068_YEAST	293
Q8R4N0	Q8R4N0	reviewed	CLYBL_MOUSE	338
P23772	P23772	reviewed	GATA3_MOUSE	443
Q9LTK3	Q9LTK3	reviewed	HDG7_ARATH	682
Q03937	Q03937	reviewed	HED1_YEAST	162
Q6NRV0	Q6NRV0	reviewed	TRAIP_XENLA	464
Q0C8A0	Q0C8A0	reviewed	TRT7_ASPTN	286
P53077	P53077	reviewed	MTC3_YEAST	123
Q94K78	Q94K78	reviewed	UCRY_ARATH	57
Q641X2	Q641X2	reviewed	LEO1_RAT	678
P86245	P86245	reviewed	TCPB_MESAU	150
Q6CG53	Q6CG53	reviewed	N7BM_YARLI	138
C0HLS1	C0HLS1	reviewed	OSCRI_HUMAN	120
Q04006	Q04006	reviewed	UPS3_YEAST	179
P36046	P36046	reviewed	MIA40_YEAST	403
Q8BGW0	Q8BGW0	reviewed	THMS1_MOUSE	636
P53207	P53207	reviewed	SNU71_YEAST	620
Q80ZQ5	Q80ZQ5	reviewed	JAZF1_MOUSE	243
Q05937	Q05937	reviewed	STP3_YEAST	343
Q7Z5R6	Q7Z5R6	reviewed	AB1IP_HUMAN	666
Q9DBR3	Q9DBR3	reviewed	ARMC8_MOUSE	673
F4K0E8	F4K0E8	reviewed	ISPG_ARATH	741
P21691	P21691	reviewed	SIR1_YEAST	654
O13684	O13684	reviewed	PCS1_SCHPO	261
P0DO33	P0DO33	reviewed	ILID_NEOS2	244
Q8BKT3	Q8BKT3	reviewed	GCFC2_MOUSE	769
Q10253	Q10253	reviewed	MUG64_SCHPO	286
Q7K4B3	Q7K4B3	reviewed	ELP2_DROME	794
O74454	O74454	reviewed	STS5_SCHPO	1066
Q5MK23	Q5MK23	reviewed	ARV2_ARATH	228
P30918	P30918	reviewed	ASPG_PIG	34
G5ECQ8	G5ECQ8	reviewed	CIN4_CAEEL	842
A1ZAG4	A1ZAG4	reviewed	PAR16_DROME	359
Q9ESJ4	Q9ESJ4	reviewed	SPN90_MOUSE	714
Q9P6P2	Q9P6P2	reviewed	RRP36_SCHPO	265
Q68DX3	Q68DX3	reviewed	FRPD2_HUMAN	1309
Q9VKM6	Q9VKM6	reviewed	VPS72_DROME	351
Q94JL3	Q94JL3	reviewed	BH112_ARATH	393
Q06811	Q06811	reviewed	ABA1_ASCSU	1365
Q9GZS1	Q9GZS1	reviewed	RPA49_HUMAN	419
Q8BQJ6	Q8BQJ6	reviewed	TRM2B_MOUSE	493
Q0VG85	Q0VG85	reviewed	CC162_MOUSE	912
P80266	P80266	reviewed	NDUA5_SOLTU	37
P38361	P38361	reviewed	PHO89_YEAST	574
P40364	P40364	reviewed	MPM1_YEAST	252
P41817	P41817	reviewed	CUP9_YEAST	306
O43776	O43776	reviewed	SYNC_HUMAN	548
Q8VBV7	Q8VBV7	reviewed	CSN8_MOUSE	209
Q9NWU5	Q9NWU5	reviewed	RM22_HUMAN	206
Q8H3I4	Q8H3I4	reviewed	HAOX_ORYSJ	366
Q8I1N6	Q8I1N6	reviewed	AP2A_PLAF7	3473
O82804	O82804	reviewed	ELF3_ARATH	695
P83687	P83687	reviewed	PSBP_EUGGR	30
P43883	P43883	reviewed	PLIN2_MOUSE	425
P97358	P97358	reviewed	TAF1B_MOUSE	586
Q9UF56	Q9UF56	reviewed	FXL17_HUMAN	701
O35465	O35465	reviewed	FKBP8_MOUSE	402
Q9UPM9	Q9UPM9	reviewed	B9D1_HUMAN	204
Q4V8K1	Q4V8K1	reviewed	STEA4_RAT	470
Q9DCR4	Q9DCR4	reviewed	EID1_MOUSE	169
O14048	O14048	reviewed	UBX2_SCHPO	427
P10349	P10349	reviewed	GPAT2_CUCMO	462
Q04930	Q04930	reviewed	CRF1_YEAST	467
B8V7R6	B8V7R6	reviewed	COA_ACRMI	888
P30776	P30776	reviewed	RAD21_SCHPO	628
Q9CYI0	Q9CYI0	reviewed	NJMU_MOUSE	393
P15873	P15873	reviewed	PCNA_YEAST	258
K0E2F3	K0E2F3	reviewed	ECDI_ASPRU	559
Q9VZ09	Q9VZ09	reviewed	SISA_DROME	189
G2TRQ6	G2TRQ6	reviewed	TAM11_SCHPO	62
Q8C3S2	Q8C3S2	reviewed	TNG6_MOUSE	1079
Q9FMC8	Q9FMC8	reviewed	OPF13_ARATH	260
Q41050	Q41050	reviewed	OEP16_PEA	146
P86294	P86294	reviewed	PROF_PLAFX	171
C0H4E4	C0H4E4	reviewed	DCXH_PLAF7	238
Q9SZ83	Q9SZ83	reviewed	Y4967_ARATH	362
Q12743	Q12743	reviewed	DFM1_YEAST	341
Q5THJ4	Q5THJ4	reviewed	VP13D_HUMAN	4388
P17649	P17649	reviewed	GABAT_YEAST	471
Q8TEK3	Q8TEK3	reviewed	DOT1L_HUMAN	1537
Q6NVF4	Q6NVF4	reviewed	HELB_MOUSE	1074
Q00312	Q00312	reviewed	RBF1_CANAX	527
Q8BNQ3	Q8BNQ3	reviewed	G137B_MOUSE	385
B7ZAP0	B7ZAP0	reviewed	RBG10_HUMAN	253
Q2TA12	Q2TA12	reviewed	RM02_BOVIN	306
Q9SGH4	Q9SGH4	reviewed	PNSL3_ARATH	220
Q9SJX7	Q9SJX7	reviewed	RUS2_ARATH	433
O14193	O14193	reviewed	MUG69_SCHPO	192
Q12471	Q12471	reviewed	6P22_YEAST	397
Q8J1X7	Q8J1X7	reviewed	FUSC3_FUSCU	450
O95456	O95456	reviewed	PSMG1_HUMAN	288
Q1HCL7	Q1HCL7	reviewed	NAKD2_RAT	425
Q924W6	Q924W6	reviewed	TRI66_MOUSE	1344
P14410	P14410	reviewed	SUIS_HUMAN	1827
Q8K3J5	Q8K3J5	reviewed	ZN131_MOUSE	619
P06776	P06776	reviewed	PDE2_YEAST	526
C4R159	C4R159	reviewed	ATG28_KOMPG	612
Q3E7Y8	Q3E7Y8	reviewed	YO155_YEAST	44
Q9CPV5	Q9CPV5	reviewed	PMF1_MOUSE	202
Q07879	Q07879	reviewed	ATG10_YEAST	167
Q9C9B9	Q9C9B9	reviewed	TTM1_ARATH	643
Q17RG1	Q17RG1	reviewed	KCD19_HUMAN	926
Q10209	Q10209	reviewed	YAY1_SCHPO	392
Q8L736	Q8L736	reviewed	SKI11_ARATH	467
Q9UT17	Q9UT17	reviewed	YFYB_SCHPO	328
Q23590	Q23590	reviewed	BAZ2_CAEEL	1390
Q22707	Q22707	reviewed	DUS11_CAEEL	233
Q02486	Q02486	reviewed	ABF2_YEAST	183
Q7M2N1	Q7M2N1	reviewed	ARP21_BOVIN	89
Q9SP08	Q9SP08	reviewed	RRP41_ARATH	241
Q94BT0	Q94BT0	reviewed	SPSA1_ARATH	1043
Q5SPL2	Q5SPL2	reviewed	PHF12_MOUSE	1003
Q0P557	Q0P557	reviewed	MIEAP_MOUSE	537
O94424	O94424	reviewed	T2FB_SCHPO	307
P0C5B7	P0C5B7	reviewed	PP4R2_RABIT	78
Q09838	Q09838	reviewed	PRZ1_SCHPO	681
G5EG44	G5EG44	reviewed	MDL1_CAEEL	281
P38858	P38858	reviewed	SOL3_YEAST	249
Q9FJ17	Q9FJ17	reviewed	DI197_ARATH	211
Q5JY77	Q5JY77	reviewed	GASP1_HUMAN	1395
P32344	P32344	reviewed	COX24_YEAST	111
Q8I265	Q8I265	reviewed	EIK2_PLAF7	1595
Q9UBU6	Q9UBU6	reviewed	FA8A1_HUMAN	413
Q9CR89	Q9CR89	reviewed	ERGI2_MOUSE	377
Q9NYA3	Q9NYA3	reviewed	GOG6A_HUMAN	693
G1CWH4	G1CWH4	reviewed	CYC5_CLITE	95
Q8W4J9	Q8W4J9	reviewed	RPP8_ARATH	908
Q9EQE1	Q9EQE1	reviewed	SENP2_RAT	588
Q96NT3	Q96NT3	reviewed	GUCD1_HUMAN	240
A8XDR5	A8XDR5	reviewed	SHE1_CAEBR	830
Q9C0U7	Q9C0U7	reviewed	VPS5_SCHPO	576
P0DX19	P0DX19	reviewed	IFRD2_RABIT	441
Q02974	Q02974	reviewed	KHK_RAT	298
F1N7G5	F1N7G5	reviewed	CFA53_BOVIN	514
Q9M8R4	Q9M8R4	reviewed	DJ1D_ARATH	388
O74350	O74350	reviewed	BDC1_SCHPO	299
Q06668	Q06668	reviewed	OMS1_YEAST	471
Q6P9U8	Q6P9U8	reviewed	EIF3H_RAT	352
Q03897	Q03897	reviewed	WDR59_YEAST	1148
Q8BVF4	Q8BVF4	reviewed	CCD30_MOUSE	654
Q8CGA4	Q8CGA4	reviewed	MTURN_MOUSE	131
Q9LY41	Q9LY41	reviewed	ATL4_ARATH	334
O43829	O43829	reviewed	ZBT14_HUMAN	449
Q6IRN2	Q6IRN2	reviewed	QKIB_XENLA	342
Q9AT00	Q9AT00	reviewed	TGD3_ARATH	345
P53017	P53017	reviewed	MSP19_CAEEL	127
H9IWW7	H9IWW7	reviewed	FKBP6_BOMMO	437
Q9N363	Q9N363	reviewed	DCP1_CAEEL	332
Q84Y18	Q84Y18	reviewed	CXIP4_ARATH	332
Q9UUJ7	Q9UUJ7	reviewed	CSN7_SCHPO	205
P40473	P40473	reviewed	POG1_YEAST	351
Q9NH52	Q9NH52	reviewed	MES4_CAEEL	898
Q9C5Y0	Q9C5Y0	reviewed	PLDD1_ARATH	868
Q00322	Q00322	reviewed	CEBPD_MOUSE	268
P03896	P03896	reviewed	NU2M_DROME	341
Q8IZX4	Q8IZX4	reviewed	TAF1L_HUMAN	1826
O48917	O48917	reviewed	SQD1_ARATH	477
Q10197	Q10197	reviewed	ALP1_SCHPO	1105
Q9SG92	Q9SG92	reviewed	MES17_ARATH	276
O02164	O02164	reviewed	PIGV1_CAEEL	672
Q86UW7	Q86UW7	reviewed	CAPS2_HUMAN	1296
W0TH64	W0TH64	reviewed	ATG10_KLUMD	147
F4KFB3	F4KFB3	reviewed	PTST3_ARATH	598
Q9SI09	Q9SI09	reviewed	XERIC_ARATH	162
P32786	P32786	reviewed	RRN6_YEAST	894
P50087	P50087	reviewed	MIC26_YEAST	233
P08924	P08924	reviewed	GLB1_LUMTE	142
Q8BR63	Q8BR63	reviewed	F177A_MOUSE	207
Q96QU6	Q96QU6	reviewed	1A1L1_HUMAN	501
P97376	P97376	reviewed	FRG1_MOUSE	258
P38284	P38284	reviewed	ICS2_YEAST	255
Q9DAM7	Q9DAM7	reviewed	TM263_MOUSE	115
Q9FXT6	Q9FXT6	reviewed	PEX14_ARATH	507
Q0WLC6	Q0WLC6	reviewed	PP349_ARATH	1089
Q9H0A6	Q9H0A6	reviewed	RNF32_HUMAN	362
Q10R09	Q10R09	reviewed	BG1_ORYSJ	310
A0A0A2IDH4	A0A0A2IDH4	reviewed	CNSB_PENEN	454
Q5PZ43	Q5PZ43	reviewed	XIRP1_DANRE	2297
O95772	O95772	reviewed	STR3N_HUMAN	234
Q9DAU9	Q9DAU9	reviewed	ZN654_MOUSE	1112
Q99258	Q99258	reviewed	RIB3_YEAST	208
K0E4D9	K0E4D9	reviewed	ECDL_ASPRU	1479
P23059	P23059	reviewed	NAA38_YEAST	88
Q9FX77	Q9FX77	reviewed	Y1664_ARATH	134
Q9UIG5	Q9UIG5	reviewed	PS1C1_HUMAN	152
Q95Y84	Q95Y84	reviewed	CND_CAEEL	1758
Q924T3	Q924T3	reviewed	XRCC4_MOUSE	326
A2AAY5	A2AAY5	reviewed	SPD2B_MOUSE	908
Q9FR82	Q9FR82	reviewed	SLD1_BOROF	446
Q94CV1	Q94CV1	reviewed	OFP8_ORYSJ	228
P82024	P82024	reviewed	RR21_SPIOL	180
O60829	O60829	reviewed	PAGE4_HUMAN	102
Q96VH4	Q96VH4	reviewed	HBN1_YEAST	193
H0YL14	H0YL14	reviewed	TM250_HUMAN	139
F4IDB2	F4IDB2	reviewed	PHL_ARATH	1325
P68313	P68313	reviewed	ERTS_RAT	68
Q04802	Q04802	reviewed	NAG1_CANAL	248
P91645	P91645	reviewed	CAC1A_DROME	1851
P48147	P48147	reviewed	PPCE_HUMAN	710
O14122	O14122	reviewed	CUL4_SCHPO	734
Q9BWK5	Q9BWK5	reviewed	CYREN_HUMAN	157
Q6P1I3	Q6P1I3	reviewed	KICS2_MOUSE	445
Q86TI0	Q86TI0	reviewed	TBCD1_HUMAN	1168
Q9SLA2	Q9SLA2	reviewed	VATO2_ARATH	178
P47005	P47005	reviewed	DAS1_YEAST	663
Q5T700	Q5T700	reviewed	LRAD1_HUMAN	205
P53814	P53814	reviewed	SMTN_HUMAN	917
Q93YN4	Q93YN4	reviewed	ELM1_ARATH	427
P0CT47	P0CT47	reviewed	Y1780_CHATD	930
Q3E795	Q3E795	reviewed	YL361_YEAST	98
Q9VCU5	Q9VCU5	reviewed	MTG1_DROME	323
Q8IL26	Q8IL26	reviewed	EIK1_PLAF7	1558
K0DZ91	K0DZ91	reviewed	ECDJ_ASPRU	668
Q8VC51	Q8VC51	reviewed	TCAB1_MOUSE	532
P02878	P02878	reviewed	MPAA5_AMBEL	45
P00389	P00389	reviewed	NCPR_RABIT	679
Q10108	Q10108	reviewed	YAQ9_SCHPO	312
Q7TNT2	Q7TNT2	reviewed	FACR2_MOUSE	515
Q3E752	Q3E752	reviewed	SPO24_YEAST	67
Q61624	Q61624	reviewed	ZN148_MOUSE	794
Q9D1E6	Q9D1E6	reviewed	TBCB_MOUSE	244
Q9ZT96	Q9ZT96	reviewed	MTEF4_ARATH	541
E9QAF0	E9QAF0	reviewed	SPT31_MOUSE	1014
Q6DIA2	Q6DIA2	reviewed	EX3L4_MOUSE	721
Q86VV4	Q86VV4	reviewed	RNB3L_HUMAN	465
A0A1S3YCW2	A0A1S3YCW2	reviewed	ADC1A_TOBAC	733
P13056	P13056	reviewed	NR2C1_HUMAN	603
Q9CQC7	Q9CQC7	reviewed	NDUB4_MOUSE	129
Q9JHE7	Q9JHE7	reviewed	TSSC4_MOUSE	317
O14001	O14001	reviewed	PVG2_SCHPO	389
A0A482N8M8	A0A482N8M8	reviewed	ICCE_TALVA	414
Q9Y802	Q9Y802	reviewed	LSD1_SCHPO	1000
Q9W517	Q9W517	reviewed	WAPL_DROME	1741
Q5T6L9	Q5T6L9	reviewed	EMARD_HUMAN	678
Q9D2V5	Q9D2V5	reviewed	AAR2_MOUSE	384
Q84M98	Q84M98	reviewed	EME1A_ARATH	546
G0REX9	G0REX9	reviewed	ILIC_HYPJQ	449
Q5M9F1	Q5M9F1	reviewed	RBM34_RAT	428
Q9UJX0	Q9UJX0	reviewed	OSGI1_HUMAN	477
Q5T8A7	Q5T8A7	reviewed	PPR26_HUMAN	1209
Q6VY05	Q6VY05	reviewed	DND1_MOUSE	352
Q9SR43	Q9SR43	reviewed	PFBS_ARATH	329
Q24JK4	Q24JK4	reviewed	XRCC1_ARATH	353
Q9VRJ2	Q9VRJ2	reviewed	FITM2_DROME	423
Q9FIX5	Q9FIX5	reviewed	BH092_ARATH	247
Q8TD10	Q8TD10	reviewed	MIPO1_HUMAN	442
Q9VXN2	Q9VXN2	reviewed	SUN_DROME	61
Q70CQ2	Q70CQ2	reviewed	UBP34_HUMAN	3546
A0A0D1DZV5	A0A0D1DZV5	reviewed	EMT1_USTMA	615
P27516	P27516	reviewed	CBR_DUNSA	172
Q8N0W3	Q8N0W3	reviewed	FCSK_HUMAN	1084
A8K830	A8K830	reviewed	OCAT2_HUMAN	251
Q5AEF2	Q5AEF2	reviewed	SEC13_CANAL	298
P31111	P31111	reviewed	ZIP1_YEAST	875
O94259	O94259	reviewed	UTP16_SCHPO	327
Q09699	Q09699	reviewed	SNF5_SCHPO	632
P20413	P20413	reviewed	GLB4_LAMSP	32
Q9HE02	Q9HE02	reviewed	SSN2_SCHPO	1225
O48832	O48832	reviewed	ERD7_ARATH	452
Q96RY7	Q96RY7	reviewed	IF140_HUMAN	1462
O77448	O77448	reviewed	TERT_TETTS	1117
Q9H6K5	Q9H6K5	reviewed	PRR36_HUMAN	1346
P87058	P87058	reviewed	LAH1_SCHPO	298
Q9NU19	Q9NU19	reviewed	TB22B_HUMAN	505
O60832	O60832	reviewed	DKC1_HUMAN	514
Q03100	Q03100	reviewed	CYAA_DICDI	1407
Q6NZK8	Q6NZK8	reviewed	PTPC1_MOUSE	747
P41930	P41930	reviewed	SSU1_YEAST	458
Q4G0X9	Q4G0X9	reviewed	CCD40_HUMAN	1142
Q42545	Q42545	reviewed	FTSZ1_ARATH	433
Q8GYP3	Q8GYP3	reviewed	RDM4_ARATH	346
O46341	O46341	reviewed	A6_DROME	409
Q9S713	Q9S713	reviewed	STT7_ARATH	562
Q3E7Z0	Q3E7Z0	reviewed	YN227_YEAST	62
Q9FVV7	Q9FVV7	reviewed	RD521_ARATH	176
Q66H28	Q66H28	reviewed	PACC1_RAT	350
Q8NBZ0	Q8NBZ0	reviewed	IN80E_HUMAN	244
Q9VNE1	Q9VNE1	reviewed	POLZ2_DROME	198
P23610	P23610	reviewed	HAP40_HUMAN	371
Q8L8M9	Q8L8M9	reviewed	IQD33_ARATH	442
C5DSD6	C5DSD6	reviewed	SLD7_ZYGRC	243
Q96D03	Q96D03	reviewed	DDT4L_HUMAN	193
Q9ESG2	Q9ESG2	reviewed	ROP1_MOUSE	212
Q5SZT7	Q5SZT7	reviewed	NKAPL_MOUSE	395
Q54ER5	Q54ER5	reviewed	FORJ_DICDI	2546
O17582	O17582	reviewed	SPR4_CAEEL	1311
Q9D0P7	Q9D0P7	reviewed	PSRC1_MOUSE	329
P34413	P34413	reviewed	DPY19_CAEEL	683
Q6P2E9	Q6P2E9	reviewed	EDC4_HUMAN	1401
A0A0D2YG06	A0A0D2YG06	reviewed	FUB4_FUSO4	267
Q3T930	Q3T930	reviewed	EST5A_SHEEP	381
P32336	P32336	reviewed	NUD1_YEAST	851
Q9SS48	Q9SS48	reviewed	SDP6_ARATH	629
O94197	O94197	reviewed	TR101_FUSSP	459
Q0DDF6	Q0DDF6	reviewed	ILI4_ORYSJ	87
Q24434	Q24434	reviewed	ORD_DROME	479
P36078	P36078	reviewed	HOT13_YEAST	116
Q9FKA5	Q9FKA5	reviewed	Y5957_ARATH	381
P36057	P36057	reviewed	SRPB_YEAST	244
Q3V3Q7	Q3V3Q7	reviewed	PACS2_MOUSE	862
Q9UT19	Q9UT19	reviewed	METE_SCHPO	764
Q8LBB2	Q8LBB2	reviewed	KING1_ARATH	424
P12428	P12428	reviewed	BROWN_DROME	675
Q9M9B3	Q9M9B3	reviewed	COL8_ARATH	319
Q9H0R4	Q9H0R4	reviewed	HDHD2_HUMAN	259
Q8R060	Q8R060	reviewed	ZWILC_MOUSE	589
Q9CQC8	Q9CQC8	reviewed	SPG21_MOUSE	308
P0DN21	P0DN21	reviewed	ALMA1_EMIHU	351
Q06596	Q06596	reviewed	ARR1_YEAST	294
P50538	P50538	reviewed	MAD1_MOUSE	227
Q6DIA7	Q6DIA7	reviewed	BRME1_MOUSE	600
Q93YV6	Q93YV6	reviewed	2A5K_ARATH	500
Q9SBJ1	Q9SBJ1	reviewed	PDK_ARATH	366
Q9NQ75	Q9NQ75	reviewed	CASS4_HUMAN	786
Q06580	Q06580	reviewed	MLC2_YEAST	163
Q9C0U3	Q9C0U3	reviewed	MU153_SCHPO	109
P97868	P97868	reviewed	RBBP6_MOUSE	1790
P85951	P85951	reviewed	AAT2_PSEMZ	34
F1MDB2	F1MDB2	reviewed	SIM20_BOVIN	67
P38938	P38938	reviewed	CEK1_SCHPO	1338
Q8NFJ6	Q8NFJ6	reviewed	PKR2_HUMAN	384
Q9P7W4	Q9P7W4	reviewed	POF10_SCHPO	662
Q55FT4	Q55FT4	reviewed	TSUA_DICDI	2247
Q9CXK8	Q9CXK8	reviewed	NIP7_MOUSE	180
P0DO25	P0DO25	reviewed	AT9_ACTDE	432
Q9LW00	Q9LW00	reviewed	MBD11_ARATH	254
Q8QZX5	Q8QZX5	reviewed	LSM10_MOUSE	122
P53725	P53725	reviewed	MPP6_YEAST	186
Q9C002	Q9C002	reviewed	NMES1_HUMAN	83
P59084	P59084	reviewed	BDS2_ANESU	43
Q64433	Q64433	reviewed	CH10_MOUSE	102
O60176	O60176	reviewed	YG41_SCHPO	473
P35820	P35820	reviewed	PSC_DROME	1601
O74782	O74782	reviewed	YGBA_SCHPO	307
A0A0B2XGM8	A0A0B2XGM8	reviewed	SUBC_METRA	109
Q21441	Q21441	reviewed	KI26L_CAEEL	1066
Q9XW42	Q9XW42	reviewed	ANM7_CAEEL	647
Q54R82	Q54R82	reviewed	MKKA_DICDI	942
Q9UUA4	Q9UUA4	reviewed	SEC66_SCHPO	192
P04553	P04553	reviewed	HSP1_HUMAN	51
P30821	P30821	reviewed	P25_SCHPO	202
H9JU86	H9JU86	reviewed	POXIN_BOMMO	255
Q8BJY1	Q8BJY1	reviewed	PSMD5_MOUSE	504
F4I718	F4I718	reviewed	CSI3_ARATH	2136
Q62847	Q62847	reviewed	ADDG_RAT	705
Q05789	Q05789	reviewed	ATG38_YEAST	226
Q9WV78	Q9WV78	reviewed	PLVAP_RAT	438
Q62924	Q62924	reviewed	AKA11_RAT	1129
B2GV05	B2GV05	reviewed	RBM5_RAT	815
P54397	P54397	reviewed	FKB39_DROME	357
Q17423	Q17423	reviewed	CREC_CAEEL	1282
Q9CQQ0	Q9CQQ0	reviewed	SMIM8_MOUSE	97
Q9W0T1	Q9W0T1	reviewed	NU301_DROME	2669
P53201	P53201	reviewed	SWC4_YEAST	476
Q8BJZ4	Q8BJZ4	reviewed	RT35_MOUSE	320
Q9D2I5	Q9D2I5	reviewed	ARMC9_MOUSE	817
Q9H649	Q9H649	reviewed	NSUN3_HUMAN	340
Q9HBD1	Q9HBD1	reviewed	RC3H2_HUMAN	1191
P38796	P38796	reviewed	PPME1_YEAST	400
Q02637	Q02637	reviewed	CEBP_DROME	449
Q8ST62	Q8ST62	reviewed	RL351_ENCCU	122
P28625	P28625	reviewed	YIM1_YEAST	365
P25822	P25822	reviewed	PUM_DROME	1533
P20466	P20466	reviewed	RHA3_RHOTO	47
Q9CZ69	Q9CZ69	reviewed	CKLF6_MOUSE	183
O60952	O60952	reviewed	LIME_DICDI	199
Q12000	Q12000	reviewed	TMA46_YEAST	345
Q6AYK4	Q6AYK4	reviewed	B2L14_RAT	326
Q10191	Q10191	reviewed	LTV1_SCHPO	386
Q01846	Q01846	reviewed	MDM1_YEAST	1127
O73622	O73622	reviewed	PAT_XENLA	293
Q9H5J8	Q9H5J8	reviewed	TAF1D_HUMAN	278
Q9LVA9	Q9LVA9	reviewed	GCD1_ARATH	420
P15114	P15114	reviewed	MT2_CANGA	52
P0DH90	P0DH90	reviewed	FRIGI_ARATH	609
Q9C778	Q9C778	reviewed	ELP4_ARATH	355
Q9XH46	Q9XH46	reviewed	TATA_PEA	137
P40094	P40094	reviewed	COG3_YEAST	801
Q673H1	Q673H1	reviewed	TUSC1_MOUSE	205
Q9XWF0	Q9XWF0	reviewed	HSD3B_CAEEL	462
O13779	O13779	reviewed	YF2E_SCHPO	617
E9PI22	E9PI22	reviewed	P23D1_HUMAN	279
Q9Y238	Q9Y238	reviewed	DLEC1_HUMAN	1755
Q8C1M2	Q8C1M2	reviewed	ZN428_MOUSE	176
O75204	O75204	reviewed	TM127_HUMAN	238
P83267	P83267	reviewed	PRT32_HYDCO	48
Q9P7T1	Q9P7T1	reviewed	SIB1_SCHPO	4924
P60622	P60622	reviewed	FOG1_DANRE	224
Q96E35	Q96E35	reviewed	ZMY19_HUMAN	227
O35671	O35671	reviewed	ITBP1_MOUSE	200
P54360	P54360	reviewed	FOJO_DROME	583
Q9C5X9	Q9C5X9	reviewed	HAC1_ARATH	1697
P68358	P68358	reviewed	CSN3_BRAOL	55
A1ZAW0	A1ZAW0	reviewed	DCR2_DROME	1722
Q29011	Q29011	reviewed	PGCA_PIG	537
Q54UT2	Q54UT2	reviewed	DGK_DICDI	285
Q9Y365	Q9Y365	reviewed	STA10_HUMAN	291
Q3TLI0	Q3TLI0	reviewed	TPC10_MOUSE	1258
P17123	P17123	reviewed	SPO12_YEAST	173
P38082	P38082	reviewed	NRG2_YEAST	220
O13858	O13858	reviewed	SEL1_SCHPO	636
O02274	O02274	reviewed	ZTF11_CAEEL	539
Q16281	Q16281	reviewed	CNGA3_HUMAN	694
O94459	O94459	reviewed	SCC4_SCHPO	559
O13744	O13744	reviewed	RT07_SCHPO	259
O74889	O74889	reviewed	SAC31_SCHPO	1024
P38227	P38227	reviewed	QDR3_YEAST	689
Q5VYV7	Q5VYV7	reviewed	SLX4I_HUMAN	408
P53834	P53834	reviewed	HCH1_YEAST	153
P0CX81	P0CX81	reviewed	MTCU2_YEAST	61
G5E8P0	G5E8P0	reviewed	GCP6_MOUSE	1769
P07281	P07281	reviewed	RS19B_YEAST	144
Q3UFM5	Q3UFM5	reviewed	NOM1_MOUSE	854
Q9CXJ1	Q9CXJ1	reviewed	SYEM_MOUSE	523
Q96B49	Q96B49	reviewed	TOM6_HUMAN	74
P32494	P32494	reviewed	NGG1_YEAST	702
P83643	P83643	reviewed	UP12_ORYSI	283
A0MGZ7	A0MGZ7	reviewed	H6S3B_DANRE	419
Q4QIU7	Q4QIU7	reviewed	HEMG_LEIMA	231
P43560	P43560	reviewed	LAM5_YEAST	674
O35710	O35710	reviewed	NOCT_MOUSE	429
Q8TBH0	Q8TBH0	reviewed	ARRD2_HUMAN	407
Q9DB52	Q9DB52	reviewed	PBIR1_MOUSE	284
P39685	P39685	reviewed	PO152_YEAST	1337
Q9SU50	Q9SU50	reviewed	TRE1_ARATH	626
P41933	P41933	reviewed	ODR7_CAEEL	457
Q03281	Q03281	reviewed	HEH2_YEAST	663
Q86LG1	Q86LG1	reviewed	PPK28_DROME	606
Q969R8	Q969R8	reviewed	ITFG2_HUMAN	447
Q99MR6	Q99MR6	reviewed	SRRT_MOUSE	875
P70331	P70331	reviewed	MDFI_MOUSE	251
Q6GKV1	Q6GKV1	reviewed	GET4_ARATH	324
Q05934	Q05934	reviewed	VID22_YEAST	901
P0C624	P0C624	reviewed	CSN8_EMENI	212
O05000	O05000	reviewed	NU2M_ARATH	499
Q08282	Q08282	reviewed	TYW4_YEAST	695
P39012	P39012	reviewed	GAA1_YEAST	614
Q9I7D3	Q9I7D3	reviewed	CAPR1_DROME	961
Q9NQM4	Q9NQM4	reviewed	DAAF6_HUMAN	214
Q09696	Q09696	reviewed	MED1_SCHPO	454
Q12241	Q12241	reviewed	VAM3_YEAST	283
O74798	O74798	reviewed	ALY2_SCHPO	658
Q54I36	Q54I36	reviewed	PYK3_DICDI	1338
Q8BP86	Q8BP86	reviewed	SNPC4_MOUSE	1333
Q502M5	Q502M5	reviewed	EDC3_DANRE	507
P03872	P03872	reviewed	REP2_YEAST	296
Q966R0	Q966R0	reviewed	CBPI_DICDI	163
Q80U93	Q80U93	reviewed	NU214_MOUSE	2085
Q9FDX8	Q9FDX8	reviewed	HD1_ORYSJ	395
Q9JJ89	Q9JJ89	reviewed	CCD86_MOUSE	426
Q91YK0	Q91YK0	reviewed	LRC49_MOUSE	686
Q9FKM7	Q9FKM7	reviewed	IAA33_ARATH	171
Q12144	Q12144	reviewed	PER33_YEAST	273
Q6AZY7	Q6AZY7	reviewed	SCAR3_HUMAN	606
O13563	O13563	reviewed	RPN13_YEAST	156
Q9BY08	Q9BY08	reviewed	EBPL_HUMAN	206
O88735	O88735	reviewed	MAP7_MOUSE	730
Q8SRD1	Q8SRD1	reviewed	COPZ_ENCCU	165
A4GNA8	A4GNA8	reviewed	PSD3_ARATH	635
Q99570	Q99570	reviewed	PI3R4_HUMAN	1358
Q9W237	Q9W237	reviewed	RS16_DROME	148
Q05775	Q05775	reviewed	EIF3J_YEAST	265
B7FXW1	B7FXW1	reviewed	SQLE_PHATC	348
P91875	P91875	reviewed	RPA1_DROME	1642
Q9LKA0	Q9LKA0	reviewed	IQD10_ARATH	259
Q9SGA2	Q9SGA2	reviewed	GDPD1_ARATH	361
Q96B96	Q96B96	reviewed	LDAF1_HUMAN	161
A6NKF2	A6NKF2	reviewed	ARI3C_HUMAN	412
P06400	P06400	reviewed	RB_HUMAN	928
Q852U6	Q852U6	reviewed	RHY1A_ARATH	250
Q9UT91	Q9UT91	reviewed	RMP1_SCHPO	211
P25641	P25641	reviewed	ATG15_YEAST	520
Q20800	Q20800	reviewed	LPIAT_CAEEL	391
Q9XXH8	Q9XXH8	reviewed	CNT1_CAEEL	826
Q5T6F0	Q5T6F0	reviewed	DCA12_HUMAN	453
Q8N684	Q8N684	reviewed	CPSF7_HUMAN	471
Q94BY9	Q94BY9	reviewed	GAP22_ARATH	550
Q9ZU97	Q9ZU97	reviewed	VAC14_ARATH	743
Q6PEV8	Q6PEV8	reviewed	F199X_HUMAN	388
Q9V3N8	Q9V3N8	reviewed	THG1_DROME	286
Q12508	Q12508	reviewed	RMD5_YEAST	421
P40549	P40549	reviewed	MNT3_YEAST	630
H2KYH4	H2KYH4	reviewed	HAM2_CAEEL	392
P53843	P53843	reviewed	IST1_YEAST	298
Q8WVI7	Q8WVI7	reviewed	PPR1C_HUMAN	109
Q9UUG2	Q9UUG2	reviewed	YFT6_SCHPO	621
Q03231	Q03231	reviewed	YM46_YEAST	154
Q7Z7G1	Q7Z7G1	reviewed	CLNK_HUMAN	428
P53983	P53983	reviewed	ASI3_YEAST	676
O64750	O64750	reviewed	PSA2_ARATH	186
Q9Y7X7	Q9Y7X7	reviewed	YGRB_SCHPO	266
Q9D3W1	Q9D3W1	reviewed	RSP14_MOUSE	341
P46958	P46958	reviewed	IDS2_YEAST	469
Q9LQI7	Q9LQI7	reviewed	CIA30_ARATH	227
O13437	O13437	reviewed	FDH_CANBO	364
Q03798	Q03798	reviewed	AIM36_YEAST	255
Q5W0B7	Q5W0B7	reviewed	TM236_HUMAN	351
P93311	P93311	reviewed	RM02_ARATH	349
O81313	O81313	reviewed	IND_ARATH	198
Q9NTK1	Q9NTK1	reviewed	DEPP1_HUMAN	212
P42945	P42945	reviewed	UTP10_YEAST	1769
P23108	P23108	reviewed	IGJ_RABIT	136
O94566	O94566	reviewed	MU184_SCHPO	551
Q8SU65	Q8SU65	reviewed	YB51_ENCCU	254
Q9LX31	Q9LX31	reviewed	GUN4C_ARATH	265
Q8BGC1	Q8BGC1	reviewed	CE022_MOUSE	442
S3E7P4	S3E7P4	reviewed	GLON_GLAL2	281
O96006	O96006	reviewed	ZBED1_HUMAN	694
P82886	P82886	reviewed	PBCB_SCHGR	250
Q99234	Q99234	reviewed	DFG16_YEAST	619
Q6P1X5	Q6P1X5	reviewed	TAF2_HUMAN	1199
Q6NQN5	Q6NQN5	reviewed	SWET3_ARATH	263
O88512	O88512	reviewed	AP1G2_MOUSE	791
Q558Z2	Q558Z2	reviewed	SUN1_DICDI	905
Q45U48	Q45U48	reviewed	YG035_YEAST	73
Q12143	Q12143	reviewed	NSL1_YEAST	216
P36097	P36097	reviewed	TTI1_YEAST	1038
Q9UUJ3	Q9UUJ3	reviewed	RGA9_SCHPO	670
B0L3A2	B0L3A2	reviewed	DESPR_HUMAN	85
Q18237	Q18237	reviewed	SMC5_CAEEL	1076
Q9P253	Q9P253	reviewed	VPS18_HUMAN	973
O70258	O70258	reviewed	SGCE_MOUSE	437
P92558	P92558	reviewed	NU1M_ARATH	325
Q42687	Q42687	reviewed	ATPD_CHLRE	219
O48782	O48782	reviewed	HMOX1_ARATH	282
Q9Y5K8	Q9Y5K8	reviewed	VATD_HUMAN	247
