From	Entry	Entry Name	Length	Signal peptide
O35310	O35310	HS3S1_MOUSE	311	SIGNAL 1..20; /evidence="ECO:0000269|PubMed:9346953"
O43155	O43155	FLRT2_HUMAN	660	SIGNAL 1..35; /evidence="ECO:0000269|PubMed:15340161"
P19425	P19425	V15A2_AEDAE	97	SIGNAL 1..19; /evidence="ECO:0000269|PubMed:2394318, ECO:0000269|PubMed:8353526"
P18892	P18892	BT1A1_BOVIN	526	SIGNAL 1..26; /evidence="ECO:0000269|PubMed:2387867"
Q5PP12	Q5PP12	AGP24_ARATH	69	SIGNAL 1..25; /evidence="ECO:0000269|PubMed:15322080"
P15478	P15478	PATT5_SOLTU	386	SIGNAL 1..23; /evidence="ECO:0000269|Ref.2"
Q16552	Q16552	IL17_HUMAN	155	SIGNAL 1..23; /evidence="ECO:0000269|PubMed:15340161"
P79073	P79073	HYP2_HYPJE	86	SIGNAL 1..15; /evidence="ECO:0000269|PubMed:9346297"
Q6UWN5	Q6UWN5	LYPD5_HUMAN	251	SIGNAL 1..25; /evidence="ECO:0000269|PubMed:15340161"
P83234	P83234	VESP_OPHHA	190	SIGNAL 1..20; /evidence="ECO:0000269|PubMed:15668253"
P10124	P10124	SRGN_HUMAN	158	SIGNAL 1..27; /evidence="ECO:0000269|PubMed:3214420, ECO:0000269|PubMed:3402609"
P09586	P09586	PR3B1_MOUSE	222	SIGNAL 1..31; /evidence="ECO:0000269|PubMed:3859868"
Q8I948	Q8I948	ACN1_ACAGO	156	SIGNAL 1..23; /evidence="ECO:0000255, ECO:0000269|PubMed:12818635"
P01070	P01070	ITRA_SOYBN	216	SIGNAL 1..24; /evidence="ECO:0000269|PubMed:3905784, ECO:0000269|PubMed:4734969, ECO:0000269|PubMed:8318586"
F1N5C8	F1N5C8	ENPP6_BOVIN	445	SIGNAL 1..22; /evidence="ECO:0000269|PubMed:23161088"
Q9U572	Q9U572	CLOT_PENMO	1670	SIGNAL 1..14; /evidence="ECO:0000269|PubMed:9972292"
O88917	O88917	AGRL1_RAT	1515	SIGNAL 1..24; /evidence="ECO:0000269|PubMed:9208860"
P79208	P79208	PGH2_SHEEP	603	SIGNAL 1..16; /evidence="ECO:0000269|PubMed:7503555"
Q99969	Q99969	RARR2_HUMAN	163	SIGNAL 1..20; /evidence="ECO:0000269|PubMed:14675762"
Q6UW56	Q6UW56	ARAID_HUMAN	229	SIGNAL 1..30; /evidence="ECO:0000269|PubMed:15340161"
Q9NR16	Q9NR16	C163B_HUMAN	1453	SIGNAL 1..40; /evidence="ECO:0000269|PubMed:15340161"
P32004	P32004	L1CAM_HUMAN	1257	SIGNAL 1..19; /evidence="ECO:0000269|PubMed:3136168"
P10675	P10675	FAS1_SCHAM	662	SIGNAL 1..24; /evidence="ECO:0000269|PubMed:2839842"
P81264	P81264	PRRP_BOVIN	98	SIGNAL 1..22; /evidence="ECO:0000269|PubMed:9607765"
P20774	P20774	MIME_HUMAN	298	SIGNAL 1..20; /evidence="ECO:0000269|PubMed:15340161"
P04844	P04844	RPN2_HUMAN	631	SIGNAL 1..22; /evidence="ECO:0000269|PubMed:12665801"
P01148	P01148	GON1_HUMAN	92	SIGNAL 1..23; /evidence="ECO:0000269|PubMed:6760865"
H6U1I8	H6U1I8	GLIP_TANCI	365	SIGNAL 1..27; /evidence="ECO:0000269|PubMed:22385412"
P01591	P01591	IGJ_HUMAN	159	SIGNAL 1..22; /evidence="ECO:0000269|PubMed:25946035"
P04155	P04155	TFF1_HUMAN	84	SIGNAL 1..24; /evidence="ECO:0000269|PubMed:15340161, ECO:0000269|PubMed:15924415, ECO:0000269|PubMed:16308573, ECO:0000269|PubMed:3146413, ECO:0000269|PubMed:3261981"
O02380	O02380	ALL2_TYRPU	141	SIGNAL 1..15; /evidence="ECO:0000269|PubMed:9492316"
Q06153	Q06153	CEUL_OPHUL	100	SIGNAL 1..25; /evidence="ECO:0000269|Ref.4"
C4NZN9	C4NZN9	HYAST_HYAAR	131	SIGNAL 1..16; /evidence="ECO:0000269|PubMed:19487032"
Q9NS68	Q9NS68	TNR19_HUMAN	423	SIGNAL 1..29; /evidence="ECO:0000269|PubMed:15340161"
A0A0F7YYX3	A0A0F7YYX3	CPROH_CONVC	196	SIGNAL 1..25; /evidence="ECO:0000269|PubMed:26301480"
Q7M418	Q7M418	GLBB2_OLIMA	163	SIGNAL 1..16; /evidence="ECO:0000269|PubMed:15795490, ECO:0000269|PubMed:8814231"
P07359	P07359	GP1BA_HUMAN	652	SIGNAL 1..16; /evidence="ECO:0000269|PubMed:3497398"
P04552	P04552	ELYS_HALRU	154	SIGNAL 1..18; /evidence="ECO:0000269|PubMed:3894351"
Q9LXD6	Q9LXD6	BXL3_ARATH	773	SIGNAL 1..23; /evidence="ECO:0000269|PubMed:16798843"
P00687	P00687	AMY1_MOUSE	511	SIGNAL 1..15; /evidence="ECO:0000269|Ref.8"
Q8S2W4	Q8S2W4	AGP23_ARATH	61	SIGNAL 1..22; /evidence="ECO:0000269|PubMed:15322080"
E0X9F6	E0X9F6	THAP1_THAPI	126	SIGNAL 1..18; /evidence="ECO:0000269|PubMed:12580804"
F1RRV3	F1RRV3	THYG_PIG	2692	SIGNAL 1..19; /evidence="ECO:0000269|PubMed:12387814"
Q7YZS9	Q7YZS9	CI2_CONVR	67	SIGNAL 1..26; /evidence="ECO:0000269|PubMed:12893060"
Q64385	Q64385	I11RA_MOUSE	432	SIGNAL 1..23; /evidence="ECO:0000269|PubMed:9373251"
Q90ZY0	Q90ZY0	PLE2_PSEAM	68	SIGNAL 1..22; /evidence="ECO:0000269|PubMed:9115266"
Q9Y240	Q9Y240	CLC11_HUMAN	323	SIGNAL 1..21; /evidence="ECO:0000269|PubMed:9442024"
P01131	P01131	LDLR_BOVIN	845	SIGNAL 1..21; /evidence="ECO:0000269|PubMed:6313699"
Q84V39	Q84V39	ALL10_OLEEU	123	SIGNAL 1..21; /evidence="ECO:0000269|PubMed:15004167"
Q2U4L7	Q2U4L7	GTAA_ASPOR	690	SIGNAL 1..20; /evidence="ECO:0000269|PubMed:10952006"
O43291	O43291	SPIT2_HUMAN	252	SIGNAL 1..27; /evidence="ECO:0000269|PubMed:15340161, ECO:0000269|PubMed:9115294"
P81429	P81429	EST1_SCHGA	198	SIGNAL 1..21; /evidence="ECO:0000269|PubMed:10612041"
Q9NPA0	Q9NPA0	EMC7_HUMAN	242	SIGNAL 1..23; /evidence="ECO:0000269|PubMed:32439656, ECO:0007744|PubMed:25944712"
Q8T0W3	Q8T0W3	CVP3_PIMHY	63	SIGNAL 1..25; /evidence="ECO:0000255, ECO:0000269|PubMed:15147757"
P78581	P78581	TAN_ASPOR	588	SIGNAL 1..18; /evidence="ECO:0000269|PubMed:8917102"
P51654	P51654	GPC3_HUMAN	580	SIGNAL 1..24; /evidence="ECO:0000269|PubMed:29345911"
P25068	P25068	TAP_BOVIN	64	SIGNAL 1..26; /evidence="ECO:0000269|PubMed:2023943"
P04639	P04639	APOA1_RAT	259	SIGNAL 1..18; /evidence="ECO:0000269|PubMed:6798036"
P21581	P21581	SCF_RAT	273	SIGNAL 1..25; /evidence="ECO:0000269|PubMed:1708771, ECO:0000269|PubMed:2208278"
B0XRV0	B0XRV0	DPP5_ASPFC	721	SIGNAL 1..18; /evidence="ECO:0000269|PubMed:9045640"
Q9Z1K9	Q9Z1K9	ADA17_RAT	827	SIGNAL 1..17; /evidence="ECO:0000269|PubMed:26479776"
P07457	P07457	ANP1C_ZOAAM	87	SIGNAL 1..22; /evidence="ECO:0000269|PubMed:3403560"
U6BLZ9	U6BLZ9	ABFB_PENCN	463	SIGNAL 1..26; /evidence="ECO:0000269|PubMed:24211368"
P31358	P31358	CD52_HUMAN	61	SIGNAL 1..24; /evidence="ECO:0000269|PubMed:1711975"
Q95UE8	Q95UE8	PE55_LUCCU	220	SIGNAL 1..19; /evidence="ECO:0000269|PubMed:12535682"
P13598	P13598	ICAM2_HUMAN	275	SIGNAL 1..24; /evidence="ECO:0000269|PubMed:19892738"
A0A0R4I951	A0A0R4I951	TX31A_SCODE	70	SIGNAL 1..23; /evidence="ECO:0000269|PubMed:23148443"
P01027	P01027	CO3_MOUSE	1663	SIGNAL 1..24; /evidence="ECO:0000269|PubMed:2065778, ECO:0000269|PubMed:8364938"
F1NSM7	F1NSM7	OC116_CHICK	743	SIGNAL 1..18; /evidence="ECO:0000269|PubMed:10551857, ECO:0000269|PubMed:12225802"
P15270	P15270	SP60_DICDI	424	SIGNAL 1..23; /evidence="ECO:0000269|PubMed:3954779"
Q12396	Q12396	EMP46_YEAST	444	SIGNAL 1..46; /evidence="ECO:0000269|PubMed:12134087"
Q90W22	Q90W22	GHRL_LITCT	114	SIGNAL 1..24; /evidence="ECO:0000269|PubMed:11546772"
Q86Y78	Q86Y78	LYPD6_HUMAN	171	SIGNAL 1..22; /evidence="ECO:0000269|PubMed:15340161"
Q9Y279	Q9Y279	VSIG4_HUMAN	399	SIGNAL 1..19; /evidence="ECO:0000269|PubMed:15340161"
P42292	P42292	CD166_CHICK	588	SIGNAL 1..33; /evidence="ECO:0000269|PubMed:1608932, ECO:0000269|PubMed:1931049"
Q07092	Q07092	COGA1_HUMAN	1604	SIGNAL 1..21; /evidence="ECO:0000269|PubMed:15165854, ECO:0000269|PubMed:7882999"
O60609	O60609	GFRA3_HUMAN	400	SIGNAL 1..31; /evidence="ECO:0000269|PubMed:15340161"
Q653V7	Q653V7	AGLU_ORYSJ	885	SIGNAL 1..33; /evidence="ECO:0000269|PubMed:10617595"
Q9U943	Q9U943	APLP_LOCMI	3380	SIGNAL 1..21; /evidence="ECO:0000269|PubMed:11056463"
P01165	P01165	7B2_PIG	207	SIGNAL 1..22; /evidence="ECO:0000269|PubMed:1797712, ECO:0000269|PubMed:6625600, ECO:0000269|PubMed:6816630"
P82358	P82358	GOME_ACAGO	84	SIGNAL 1..23; /evidence="ECO:0000269|PubMed:10942757"
Q9H293	Q9H293	IL25_HUMAN	177	SIGNAL 1..32; /evidence="ECO:0000269|PubMed:15340161"
Q2ULM2	Q2ULM2	LAP2_ASPOR	496	SIGNAL 1..16; /evidence="ECO:0000269|PubMed:10899618"
Q6UX52	Q6UX52	IL40_HUMAN	265	SIGNAL 1..20; /evidence="ECO:0000269|PubMed:15340161"
Q96DU3	Q96DU3	SLAF6_HUMAN	332	SIGNAL 1..21; /evidence="ECO:0000269|PubMed:15340161"
Q8WPJ2	Q8WPJ2	MANA_MYTED	367	SIGNAL 1..17; /evidence="ECO:0000269|PubMed:11689251"
Q63617	Q63617	HYOU1_RAT	999	SIGNAL 1..32; /evidence="ECO:0000269|PubMed:8617779, ECO:0000269|PubMed:9020069"
O80323	O80323	RNS3_PYRPY	222	SIGNAL 1..22; /evidence="ECO:0000269|PubMed:8232200"
O96935	O96935	AMPN_PLAF7	1085	SIGNAL 1..30; /note="Required for ER targeting and membrane association; not cleaved"; /evidence="ECO:0000269|PubMed:20591164"
P19035	P19035	APOC3_BOVIN	96	SIGNAL 1..23; /evidence="ECO:0000269|PubMed:2209608"
P00760	P00760	TRY1_BOVIN	246	SIGNAL 1..17; /evidence="ECO:0000269|PubMed:5967094"
Q9H1M4	Q9H1M4	DB127_HUMAN	99	SIGNAL 1..20; /evidence="ECO:0000269|PubMed:15340161"
P30440	P30440	FEL1B_FELCA	109	SIGNAL 1..17; /evidence="ECO:0000269|PubMed:1712068, ECO:0000269|PubMed:1946388"
P14217	P14217	ARS_CHLRE	647	SIGNAL 1..21; /evidence="ECO:0000269|PubMed:2476654"
Q02795	Q02795	OSTD_YEAST	286	SIGNAL 1..19; /evidence="ECO:0000269|PubMed:7703229, ECO:0000269|PubMed:8175708"
P0DUQ6	P0DUQ6	CA171_CONPO	70	SIGNAL 1..21; /evidence="ECO:0000269|PubMed:26506909"
O76076	O76076	CCN5_HUMAN	250	SIGNAL 1..23; /evidence="ECO:0000269|PubMed:15340161"
P35495	P35495	PSP1_PIG	133	SIGNAL 1..24; /evidence="ECO:0000269|PubMed:1586165, ECO:0000269|PubMed:8269963"
P14448	P14448	FIBA_CHICK	741	SIGNAL 1..18; /evidence="ECO:0000269|PubMed:656462"
Q96AP7	Q96AP7	ESAM_HUMAN	390	SIGNAL 1..29; /evidence="ECO:0000269|PubMed:15340161"
O62644	O62644	LECT2_BOVIN	151	SIGNAL 1..18; /evidence="ECO:0000269|PubMed:8798437"
P20740	P20740	OVOS_CHICK	1473	SIGNAL 1..36; /evidence="ECO:0000269|PubMed:6408074"
Q92154	Q92154	SMP_COTJA	620	SIGNAL 1..17; /evidence="ECO:0000269|PubMed:1739462"
P10493	P10493	NID1_MOUSE	1245	SIGNAL 1..28; /evidence="ECO:0000269|PubMed:3264556"
O14786	O14786	NRP1_HUMAN	923	SIGNAL 1..21; /evidence="ECO:0000269|PubMed:10688880, ECO:0000269|PubMed:9529250"
Q6E0U4	Q6E0U4	DMKN_HUMAN	476	SIGNAL 1..21; /evidence="ECO:0000269|PubMed:15234001"
Q8WUJ3	Q8WUJ3	CEMIP_HUMAN	1361	SIGNAL 1..30; /evidence="ECO:0000269|PubMed:24269685"
P00719	P00719	LYG_STRCA	204	SIGNAL 1..19; /evidence="ECO:0000269|PubMed:7075596, ECO:0000269|PubMed:904618"
P13917	P13917	7SB1_SOYBN	427	SIGNAL 1..24; /evidence="ECO:0000269|PubMed:2226413"
P45590	P45590	CU66_HYACE	129	SIGNAL 1..17; /evidence="ECO:0000269|PubMed:8025561"
O59896	O59896	LAC1_PYCCI	518	SIGNAL 1..21; /evidence="ECO:0000269|PubMed:8919775"
P07141	P07141	CSF1_MOUSE	552	SIGNAL 1..32; /evidence="ECO:0000269|PubMed:3925458"
P23142	P23142	FBLN1_HUMAN	703	SIGNAL 1..29; /evidence="ECO:0000269|PubMed:2527614"
Q28143	Q28143	NRX3B_BOVIN	456	SIGNAL 1..35; /evidence="ECO:0000269|PubMed:8163501"
P43077	P43077	HEX1_CANAX	562	SIGNAL 1..22; /evidence="ECO:0000269|PubMed:8169213"
Q5GQ85	Q5GQ85	ARGR1_ARGRF	159	SIGNAL 1..16; /evidence="ECO:0000269|PubMed:15753913, ECO:0000269|Ref.2"
P31723	P31723	MAN12_PENCI	511	SIGNAL 1..35; /evidence="ECO:0000269|PubMed:8452520"
Q9Y6C2	Q9Y6C2	EMIL1_HUMAN	1016	SIGNAL 1..21; /evidence="ECO:0000269|PubMed:26462740"
P82977	P82977	ICIW_WHEAT	84	SIGNAL 1..12; /evidence="ECO:0000269|PubMed:12675523"
B0XT72	B0XT72	GEL1_ASPFC	452	SIGNAL 1..19; /evidence="ECO:0000269|PubMed:10809732"
Q99944	Q99944	EGFL8_HUMAN	293	SIGNAL 1..25; /evidence="ECO:0000269|PubMed:15340161"
Q10ST8	Q10ST8	NLTPX_ORYSJ	96	SIGNAL 1..27; /evidence="ECO:0000269|PubMed:12056799"
Q8GT41	Q8GT41	PLA1_PLAAC	179	SIGNAL 1..23; /evidence="ECO:0000269|PubMed:11906336, ECO:0000269|PubMed:12859456"
Q3C258	Q3C258	ACR1_ACTEQ	70	SIGNAL 1..20; /evidence="ECO:0000269|PubMed:16183092"
P02652	P02652	APOA2_HUMAN	100	SIGNAL 1..18; /evidence="ECO:0000269|PubMed:6328445"
P09341	P09341	GROA_HUMAN	107	SIGNAL 1..34; /evidence="ECO:0000269|PubMed:10095777, ECO:0000269|PubMed:15340161, ECO:0000269|PubMed:1755384, ECO:0000269|PubMed:2182761, ECO:0000269|PubMed:2655583"
Q6UXH1	Q6UXH1	CREL2_HUMAN	353	SIGNAL 1..24; /evidence="ECO:0000269|PubMed:15340161"
Q50KB1	Q50KB1	SEP2_EMIHU	223	SIGNAL 1..17; /evidence="ECO:0000269|PubMed:15743763"
Q9BXJ7	Q9BXJ7	AMNLS_HUMAN	453	SIGNAL 1..19; /evidence="ECO:0000269|PubMed:14576052"
P22327	P22327	AJSP1_TRINI	624	SIGNAL 1..18; /evidence="ECO:0000269|PubMed:2341396"
Q9NYY1	Q9NYY1	IL20_HUMAN	176	SIGNAL 1..24; /evidence="ECO:0000269|PubMed:15340161"
P02814	P02814	SMR3B_HUMAN	79	SIGNAL 1..22; /evidence="ECO:0000269|PubMed:479131"
P42256	P42256	ABNA_ASPNG	321	SIGNAL 1..19; /evidence="ECO:0000269|PubMed:7764386"
P22388	P22388	EDN1_RAT	202	SIGNAL 1..25; /evidence="ECO:0000269|PubMed:26479776"
D3GDK4	D3GDK4	GUN_CRYAT	225	SIGNAL 1..15; /evidence="ECO:0000269|PubMed:24848382"
P00724	P00724	INV2_YEAST	532	SIGNAL 1..19; /evidence="ECO:0000269|PubMed:2113524"
A7VN15	A7VN15	MSMB3_PROFL	79	SIGNAL 1..19; /evidence="ECO:0000269|PubMed:17543280"
Q9MYV1	Q9MYV1	CALCA_CANLF	128	SIGNAL 1..25; /evidence="ECO:0000269|PubMed:1758974"
Q945U0	Q945U0	GIP1_PHYSO	257	SIGNAL 1..28; /evidence="ECO:0000269|PubMed:12084830"
P06205	P06205	CRP1_LIMPO	242	SIGNAL 1..24; /evidence="ECO:0000269|PubMed:2426265"
Q9BZW8	Q9BZW8	CD244_HUMAN	370	SIGNAL 1..21; /evidence="ECO:0000269|PubMed:10556801, ECO:0000269|PubMed:15340161"
Q9H7M9	Q9H7M9	VISTA_HUMAN	311	SIGNAL 1..32; /evidence="ECO:0000269|PubMed:15340161"
P61312	P61312	ADM2_RAT	146	SIGNAL 1..25; /evidence="ECO:0000269|PubMed:26479776"
Q14392	Q14392	LRC32_HUMAN	662	SIGNAL 1..19; /evidence="ECO:0000269|PubMed:21615933"
D4A540	D4A540	AUGN_RAT	148	SIGNAL 1..31; /evidence="ECO:0000269|PubMed:26479776"
P28798	P28798	GRN_MOUSE	589	SIGNAL 1..17; /evidence="ECO:0000269|PubMed:8496151"
Q08334	Q08334	I10R2_HUMAN	325	SIGNAL 1..19; /evidence="ECO:0000269|PubMed:15340161"
P07439	P07439	LEC3_MEGRO	162	SIGNAL 1..24; /evidence="ECO:0000269|Ref.2"
Q59Y31	Q59Y31	YWP1_CANAL	533	SIGNAL 1..21; /evidence="ECO:0000269|PubMed:15870471"
P53366	P53366	ADML_PIG	188	SIGNAL 1..21; /evidence="ECO:0000269|PubMed:8076689"
Q29381	Q29381	OST48_PIG	439	SIGNAL 1..25; /evidence="ECO:0000269|PubMed:11443278"
Q99013	Q99013	ANPB_PSEAM	82	SIGNAL 1..23; /evidence="ECO:0000269|PubMed:3769927"
Q9YH85	Q9YH85	TECTA_CHICK	2120	SIGNAL 1..24; /evidence="ECO:0000269|PubMed:9079715"
Q15399	Q15399	TLR1_HUMAN	786	SIGNAL 1..24; /evidence="ECO:0000269|PubMed:15340161"
Q9Y4X3	Q9Y4X3	CCL27_HUMAN	112	SIGNAL 1..24; /evidence="ECO:0000269|PubMed:10556532"
Q62632	Q62632	FSTL1_RAT	306	SIGNAL 1..18; /evidence="ECO:0000269|PubMed:7957230"
P55058	P55058	PLTP_HUMAN	493	SIGNAL 1..17; /evidence="ECO:0000269|PubMed:8132678"
P36897	P36897	TGFR1_HUMAN	503	SIGNAL 1..33; /evidence="ECO:0000269|PubMed:9661882"
Q09140	Q09140	UGGG_SCHPO	1448	SIGNAL 1..18; /evidence="ECO:0000269|PubMed:7982990, ECO:0000269|PubMed:8631292"
Q09117	Q09117	BSPB_POPDE	312	SIGNAL 1..24; /evidence="ECO:0000269|PubMed:16668696"
G4V4F9	G4V4F9	SIBD1_CUPSA	97	SIGNAL 1..19; /evidence="ECO:0000269|PubMed:21888974"
P06028	P06028	GLPB_HUMAN	91	SIGNAL 1..19; /evidence="ECO:0000269|PubMed:3571235, ECO:0000269|PubMed:3595615, ECO:0000269|PubMed:7681597"
Q96HE7	Q96HE7	ERO1A_HUMAN	468	SIGNAL 1..23; /evidence="ECO:0000269|PubMed:11707280"
Q9Y251	Q9Y251	HPSE_HUMAN	543	SIGNAL 1..35; /evidence="ECO:0000269|PubMed:12713442"
Q9SLP4	Q9SLP4	CHIT1_TULSB	314	SIGNAL 1..26; /evidence="ECO:0000269|PubMed:9692212"
Q8TCT8	Q8TCT8	SPP2A_HUMAN	520	SIGNAL 1..25; /evidence="ECO:0000269|PubMed:15385547"
P29241	P29241	NADA_APLCA	282	SIGNAL 1..24; /evidence="ECO:0000269|PubMed:10861229, ECO:0000269|PubMed:1650255"
Q9PVW8	Q9PVW8	SAL_SILAS	308	SIGNAL 1..23; /evidence="ECO:0000269|PubMed:10564781, ECO:0000269|PubMed:8369743"
A9UGV6	A9UGV6	APEP2_ORYSJ	61	SIGNAL 1..26; /evidence="ECO:0000269|PubMed:15653800"
P49259	P49259	PLA2R_BOVIN	1463	SIGNAL 1..20; /evidence="ECO:0000269|PubMed:7509792"
Q5BGU9	Q5BGU9	IVOB_EMENI	366	SIGNAL 1..18; /evidence="ECO:0000269|PubMed:2126551"
Q86LE5	Q86LE5	MPSIN_RHIMP	110	SIGNAL 1..20; /evidence="ECO:0000269|PubMed:14642886"
P35777	P35777	VA4_SOLIN	137	SIGNAL 1..19; /evidence="ECO:0000269|PubMed:2355158, ECO:0000269|PubMed:8423273"
P47710	P47710	CASA1_HUMAN	185	SIGNAL 1..15; /evidence="ECO:0000269|PubMed:7749638, ECO:0000269|PubMed:8192860"
Q96BF3	Q96BF3	TMIG2_HUMAN	282	SIGNAL 1..22; /evidence="ECO:0000269|PubMed:15340161"
Q6XE38	Q6XE38	SG1D4_HUMAN	83	SIGNAL 1..21; /evidence="ECO:0000269|PubMed:15340161"
Q71DJ5	Q71DJ5	LIP1_ARATH	393	SIGNAL 1..20; /evidence="ECO:0000269|PubMed:16226259"
P81828	P81828	UP2_RAT	101	SIGNAL 1..21; /evidence="ECO:0000269|PubMed:11840564"
Q61789	Q61789	LAMA3_MOUSE	3330	SIGNAL 1..31; /evidence="ECO:0000269|PubMed:11829758"
Q05091	Q05091	PGIP_PYRCO	330	SIGNAL 1..24; /evidence="ECO:0000269|PubMed:8108494"
C0H9B6	C0H9B6	ZPLD1_SALSA	413	SIGNAL 1..19; /evidence="ECO:0000269|PubMed:25369234"
P30101	P30101	PDIA3_HUMAN	505	SIGNAL 1..24; /evidence="ECO:0000269|PubMed:12665801, ECO:0000269|PubMed:1286669, ECO:0000269|PubMed:7487104, ECO:0000269|PubMed:9150948, ECO:0000269|PubMed:9399589, ECO:0007744|PubMed:25944712"
Q63372	Q63372	NRX1A_RAT	1530	SIGNAL 1..30; /evidence="ECO:0000269|PubMed:9856994"
P08833	P08833	IBP1_HUMAN	259	SIGNAL 1..25; /evidence="ECO:0000269|PubMed:19765076, ECO:0000269|PubMed:2466665, ECO:0000269|PubMed:2971653"
Q08127	Q08127	TSHB_ANGAN	147	SIGNAL 1..20; /evidence="ECO:0000269|PubMed:1933511"
Q8ISL8	Q8ISL8	APIM_APIME	78	SIGNAL 1..24; /evidence="ECO:0000269|PubMed:12297291"
Q1HLC0	Q1HLC0	LOSAC_LONON	413	SIGNAL 1..18; /evidence="ECO:0000269|PubMed:21177860"
Q9BX93	Q9BX93	PG12B_HUMAN	195	SIGNAL 1..19; /evidence="ECO:0000269|PubMed:15340161"
C0HLA0	C0HLA0	GH5FP_CHAOB	556	SIGNAL 1..28; /evidence="ECO:0000269|PubMed:27237746"
P33767	P33767	OSTB_YEAST	430	SIGNAL 1..20; /evidence="ECO:0000269|PubMed:1724755, ECO:0000269|PubMed:7703229"
E0XKJ8	E0XKJ8	TABY5_TABYA	256	SIGNAL 1..16; /evidence="ECO:0000269|PubMed:20608917"
A1IKL2	A1IKL2	ANIS5_ANISI	152	SIGNAL 1..18; /evidence="ECO:0000269|PubMed:18618144"
Q969H8	Q969H8	MYDGF_HUMAN	173	SIGNAL 1..31; /evidence="ECO:0000269|PubMed:19892738"
Q9N4D8	Q9N4D8	NLP40_CAEEL	123	SIGNAL 1..17; /evidence="ECO:0000269|PubMed:16061202, ECO:0000269|PubMed:17564681"
A0A2I8B346	A0A2I8B346	AMP1_PARCM	62	SIGNAL 1..23; /evidence="ECO:0000269|PubMed:29338238"
P01909	P01909	DQA1_HUMAN	254	SIGNAL 1..23; /evidence="ECO:0000269|PubMed:6576979"
P04217	P04217	A1BG_HUMAN	495	SIGNAL 1..21; /evidence="ECO:0000269|PubMed:3458201"
P28319	P28319	CWP1_YEAST	239	SIGNAL 1..20; /evidence="ECO:0000269|PubMed:7768807"
P14384	P14384	CBPM_HUMAN	443	SIGNAL 1..17; /evidence="ECO:0000269|PubMed:12457462, ECO:0000269|PubMed:2753907"
P02230	P02230	GLB4_CHITH	151	SIGNAL 1..15; /evidence="ECO:0000269|PubMed:7250903"
Q9NPG1	Q9NPG1	FZD3_HUMAN	666	SIGNAL 1..22; /evidence="ECO:0000269|PubMed:15340161"
Q95P90	Q95P90	LV1B_MESMA	94	SIGNAL 1..22; /evidence="ECO:0000269|PubMed:22575281"
P00651	P00651	RNT1_ASPOR	130	SIGNAL 1..26; /evidence="ECO:0000269|PubMed:5144355"
Q62813	Q62813	LSAMP_RAT	338	SIGNAL 1..28; /evidence="ECO:0000269|PubMed:7646886"
P13806	P13806	CA2D1_RABIT	1106	SIGNAL 1..26; /evidence="ECO:0000269|PubMed:2558713"
Q8VCS0	Q8VCS0	PGRP2_MOUSE	530	SIGNAL 1..22; /evidence="ECO:0000269|PubMed:12821140"
Q6UWI4	Q6UWI4	SHSA2_HUMAN	295	SIGNAL 1..33; /evidence="ECO:0000269|PubMed:15340161"
Q9H6E4	Q9H6E4	CC134_HUMAN	229	SIGNAL 1..22; /evidence="ECO:0000269|PubMed:18087676"
Q9LJD9	Q9LJD9	AGP12_ARATH	60	SIGNAL 1..27; /evidence="ECO:0000269|PubMed:11006345, ECO:0000269|PubMed:15322080"
Q9UAH3	Q9UAH3	MA162_PINFU	129	SIGNAL 1..23; /evidence="ECO:0000269|PubMed:10580124"
P43174	P43174	MPA5A_AMBPS	77	SIGNAL 1..22; /evidence="ECO:0000269|PubMed:7511632"
P31608	P31608	IPRA_SAGSA	181	SIGNAL 1..24; /evidence="ECO:0000269|PubMed:1618743"
Q6UXD5	Q6UXD5	SE6L2_HUMAN	910	SIGNAL 1..27; /evidence="ECO:0000269|PubMed:19838169"
P28770	P28770	EPD1_ONCMY	221	SIGNAL 1..21; /evidence="ECO:0000269|PubMed:1511892"
P80188	P80188	NGAL_HUMAN	198	SIGNAL 1..20; /evidence="ECO:0000269|PubMed:7683678"
P81999	P81999	DJB11_CANLF	358	SIGNAL 1..22; /evidence="ECO:0000269|PubMed:10595580"
A0A1L6K371	A0A1L6K371	JUGN4_JUGNI	510	SIGNAL 1..23; /evidence="ECO:0000269|PubMed:27936684"
Q27270	Q27270	TEN3_TENMO	96	SIGNAL 1..18; /evidence="ECO:0000269|Ref.2"
Q86IV5	Q86IV5	CTNA_DICDI	258	SIGNAL 1..21; /evidence="ECO:0000269|PubMed:10444594"
P20013	P20013	LIGC_TRAVE	372	SIGNAL 1..26; /evidence="ECO:0000269|PubMed:2707445"
P29460	P29460	IL12B_HUMAN	328	SIGNAL 1..22; /evidence="ECO:0000269|PubMed:2204066"
Q9U8X3	Q9U8X3	TACA2_TACTR	67	SIGNAL 1..23; /evidence="ECO:0000269|PubMed:10473569"
P26203	P26203	P15B_RABIT	137	SIGNAL 1..20; /evidence="ECO:0000269|PubMed:2203792"
P81160	P81160	DEJP_DROME	54	SIGNAL 1..21; /evidence="ECO:0000269|PubMed:11846801"
P24817	P24817	RIP3_MOMCH	286	SIGNAL 1..23; /evidence="ECO:0000269|PubMed:1699801"
O76537	O76537	PGRP_TRINI	182	SIGNAL 1..16; /evidence="ECO:0000269|PubMed:9707603"
P25311	P25311	ZA2G_HUMAN	298	SIGNAL 1..20; /evidence="ECO:0000269|PubMed:15340161, ECO:0000269|PubMed:3422450"
P31096	P31096	OSTP_BOVIN	278	SIGNAL 1..16; /evidence="ECO:0000269|PubMed:8320368, ECO:0000269|PubMed:8663267"
Q24824	Q24824	PFPB_ENTH1	96	SIGNAL 1..19; /evidence="ECO:0000269|PubMed:7715451"
Q4V645	Q4V645	TRISS_DROME	108	SIGNAL 1..29; /evidence="ECO:0000269|PubMed:21939639"
P34951	P34951	IAAC_HORVU	143	SIGNAL 1..24; /evidence="ECO:0000269|PubMed:3484638, ECO:0000269|Ref.2"
Q9XFS7	Q9XFS7	NLTP5_ARATH	118	SIGNAL 1..25; /evidence="ECO:0000269|PubMed:8405465"
Q6UXB8	Q6UXB8	PI16_HUMAN	463	SIGNAL 1..27; /evidence="ECO:0000269|PubMed:15344909"
Q9C9H5	Q9C9H5	GUN9_ARATH	484	SIGNAL 1..21; /evidence="ECO:0000269|PubMed:9188482"
P0C1X6	P0C1X6	KA183_TITDI	62	SIGNAL 1..26; /evidence="ECO:0000269|PubMed:16705749"
P12729	P12729	PSA_DICDI	168	SIGNAL 1..19; /evidence="ECO:0000269|PubMed:2850494"
Q9HBE5	Q9HBE5	IL21R_HUMAN	538	SIGNAL 1..19; /evidence="ECO:0000269|PubMed:15340161"
P49767	P49767	VEGFC_HUMAN	419	SIGNAL 1..31; /evidence="ECO:0000269|PubMed:15340161, ECO:0000269|PubMed:9233800"
Q9ZT66	Q9ZT66	E134_MAIZE	303	SIGNAL 1..43; /evidence="ECO:0000269|Ref.2"
P18428	P18428	LBP_HUMAN	481	SIGNAL 1..25; /evidence="ECO:0000269|PubMed:2402637"
Q9XYT4	Q9XYT4	ORCH_CRYCV	128	SIGNAL 1..20; /evidence="ECO:0000269|PubMed:11772404"
Q9TY95	Q9TY95	SERA5_PLAF7	997	SIGNAL 1..22; /evidence="ECO:0000269|PubMed:18083098"
C0HKG1	C0HKG1	CYC3_CLITE	127	SIGNAL 1..24; /evidence="ECO:0000269|PubMed:21596752"
F2QXM5	F2QXM5	ZONAD_KOMPC	587	SIGNAL 1..19; /evidence="ECO:0000269|PubMed:27313058"
P02702	P02702	FOLR1_BOVIN	241	SIGNAL 1..19; /evidence="ECO:0000269|Ref.2, ECO:0000269|Ref.3"
Q6UWL6	Q6UWL6	KIRR2_HUMAN	708	SIGNAL 1..20; /evidence="ECO:0000269|PubMed:15340161"
P01139	P01139	NGF_MOUSE	241	SIGNAL 1..18; /evidence="ECO:0000269|PubMed:20036257"
P49125	P49125	TXA1_LATTR	88	SIGNAL 1..18; /evidence="ECO:0000269|PubMed:22001442, ECO:0000269|PubMed:9792186"
P02810	P02810	PRPC_HUMAN	166	SIGNAL 1..16; /evidence="ECO:0000269|PubMed:15693058, ECO:0000269|PubMed:3196309, ECO:0000269|PubMed:3710693, ECO:0000269|PubMed:438215, ECO:0000269|PubMed:7228490, ECO:0000269|PubMed:7380845, ECO:0000269|Ref.11"
P85261	P85261	KIWEL_ACTCC	213	SIGNAL 1..24; /evidence="ECO:0000269|PubMed:18442249"
Q8T0W8	Q8T0W8	DIAP_GASAT	65	SIGNAL 1..24; /evidence="ECO:0000269|PubMed:14706547, ECO:0000269|Ref.2"
P19427	P19427	DERM_BOVIN	201	SIGNAL 1..18; /evidence="ECO:0000269|PubMed:2925615"
P23515	P23515	OMGP_HUMAN	440	SIGNAL 1..24; /evidence="ECO:0000269|PubMed:3283151"
P27275	P27275	AMP_AMACA	86	SIGNAL 1..25; /evidence="ECO:0000269|PubMed:1567877"
P25331	P25331	ECLH_BOMMO	88	SIGNAL 1..26; /evidence="ECO:0000269|Ref.2"
Q63191	Q63191	AEGP_RAT	1216	SIGNAL 1..21; /evidence="ECO:0000269|PubMed:7829488"
P69770	P69770	CX2_CONMR	94	SIGNAL 1..25; /evidence="ECO:0000269|PubMed:15194478"
Q02747	Q02747	GUC2A_HUMAN	115	SIGNAL 1..21; /evidence="ECO:0000269|PubMed:8095028"
Q9TT95	Q9TT95	GALP_PIG	120	SIGNAL 1..22; /evidence="ECO:0000269|PubMed:10601261"
Q4WZ11	Q4WZ11	IELA_ASPFU	87	SIGNAL 1..19; /evidence="ECO:0000269|PubMed:18566136"
Q969J5	Q969J5	I22R2_HUMAN	263	SIGNAL 1..21; /evidence="ECO:0000269|PubMed:15340161"
P23438	P23438	SSRB_CANLF	183	SIGNAL 1..17; /evidence="ECO:0000269|PubMed:1918067, ECO:0000269|PubMed:2177473"
P12318	P12318	FCG2A_HUMAN	317	SIGNAL 1..33; /evidence="ECO:0000269|PubMed:10397151"
A1X159	A1X159	FP1V2_PERVI	431	SIGNAL 1..20; /evidence="ECO:0000269|PubMed:19584055"
Q39688	Q39688	EP1G_DAUCA	389	SIGNAL 1..24; /evidence="ECO:0000269|PubMed:8275102"
P29026	P29026	CHI1_RHIOL	540	SIGNAL 1..22; /evidence="ECO:0000269|PubMed:1429462"
O00092	O00092	PHYA_ASPFU	465	SIGNAL 1..26; /evidence="ECO:0000269|PubMed:9143104"
Q8MI01	Q8MI01	MUC15_BOVIN	330	SIGNAL 1..23; /evidence="ECO:0000269|PubMed:12047385"
Q9Y2I2	Q9Y2I2	NTNG1_HUMAN	539	SIGNAL 1..28; /evidence="ECO:0000269|PubMed:15340161"
P0DQB8	P0DQB8	TXF1A_SCODE	73	SIGNAL 1..20; /evidence="ECO:0000269|PubMed:23148443"
Q64HC7	Q64HC7	ARMAD_ARMVU	73	SIGNAL 1..19; /evidence="ECO:0000269|PubMed:15752546"
P39037	P39037	CASB_PIG	232	SIGNAL 1..15; /evidence="ECO:0000269|PubMed:12162653"
Q8TC27	Q8TC27	ADA32_HUMAN	787	SIGNAL 1..16; /evidence="ECO:0000269|PubMed:15340161"
Q02596	Q02596	GLCM1_MOUSE	151	SIGNAL 1..19; /evidence="ECO:0000269|PubMed:1376638"
Q5FWE3	Q5FWE3	PRRT3_HUMAN	981	SIGNAL 1..27; /evidence="ECO:0000269|PubMed:15340161"
P51868	P51868	CASQ2_RAT	413	SIGNAL 1..19; /evidence="ECO:0000269|PubMed:8042990"
Q9NRM6	Q9NRM6	I17RB_HUMAN	502	SIGNAL 1..17; /evidence="ECO:0000269|PubMed:10749887, ECO:0000269|PubMed:15340161"
P31025	P31025	LCN1_HUMAN	176	SIGNAL 1..18; /evidence="ECO:0000269|PubMed:25946035, ECO:0000269|Ref.8"
Q61508	Q61508	ECM1_MOUSE	559	SIGNAL 1..19; /evidence="ECO:0000269|PubMed:7608209"
P0DPV0	P0DPV0	TXA1B_SCODE	101	SIGNAL 1..23; /evidence="ECO:0000269|PubMed:23148443"
P48439	P48439	OST3_YEAST	350	SIGNAL 1..22; /evidence="ECO:0000269|PubMed:7622558"
Q9ERQ6	Q9ERQ6	CSPG5_RAT	571	SIGNAL 1..30; /evidence="ECO:0000269|PubMed:7592931"
A0A1S3PBB7	A0A1S3PBB7	KNG_SALSA	375	SIGNAL 1..23; /evidence="ECO:0000269|PubMed:10583403"
P22362	P22362	CCL1_HUMAN	96	SIGNAL 1..23; /evidence="ECO:0000269|PubMed:15340161, ECO:0000269|PubMed:1557400"
Q29W25	Q29W25	CROS1_CROSA	168	SIGNAL 1..26; /evidence="ECO:0000269|PubMed:26989701"
P47178	P47178	DAN1_YEAST	298	SIGNAL 1..19; /evidence="ECO:0000269|PubMed:10322008"
P15570	P15570	ELIB_PHYCR	118	SIGNAL 1..20; /evidence="ECO:0000269|PubMed:2776750"
Q9UNE0	Q9UNE0	EDAR_HUMAN	448	SIGNAL 1..26; /evidence="ECO:0000269|PubMed:15340161"
Q94K85	Q94K85	CATB3_ARATH	359	SIGNAL 1..26; /evidence="ECO:0000269|PubMed:27058316"
Q8X150	Q8X150	MNLOX_GAETR	618	SIGNAL 1..16; /evidence="ECO:0000269|Ref.2"
P07529	P07529	XYNA_NAGAL	332	SIGNAL 1..21; /evidence="ECO:0000269|Ref.2"
P0DPU8	P0DPU8	TX51A_SCODE	105	SIGNAL 1..24; /evidence="ECO:0000269|PubMed:23148443"
O18998	O18998	DNAS1_RABIT	281	SIGNAL 1..21; /evidence="ECO:0000269|PubMed:9230129"
Q25055	Q25055	HOL3_HOLDI	104	SIGNAL 1..20; /evidence="ECO:0000269|PubMed:8535393"
Q8WMP9	Q8WMP9	PAG15_BOVIN	407	SIGNAL 1..29; /evidence="ECO:0000269|PubMed:11790796"
Q8SXL2	Q8SXL2	CCHA2_DROME	136	SIGNAL 1..24; /evidence="ECO:0000269|PubMed:21214272, ECO:0000269|PubMed:23293632"
Q6UXL0	Q6UXL0	I20RB_HUMAN	311	SIGNAL 1..29; /evidence="ECO:0000269|PubMed:15340161"
P20333	P20333	TNR1B_HUMAN	461	SIGNAL 1..22; /evidence="ECO:0000269|PubMed:2173696"
Q01460	Q01460	DIAC_RAT	367	SIGNAL 1..23; /evidence="ECO:0000269|PubMed:1527079"
Q01965	Q01965	LY9_MOUSE	654	SIGNAL 1..47; /evidence="ECO:0000269|PubMed:1506686"
P84843	P84843	VASOT_HYBBI	76	SIGNAL 1..20; /evidence="ECO:0000269|PubMed:16391356"
P55000	P55000	SLUR1_HUMAN	103	SIGNAL 1..22; /evidence="ECO:0000269|PubMed:10211827"
Q8MMH0	Q8MMH0	CVP7_PIMHY	109	SIGNAL 1..21; /evidence="ECO:0000255, ECO:0000269|PubMed:15147757"
Q9NBW4	Q9NBW4	THST_THETS	101	SIGNAL 1..19; /evidence="ECO:0000269|PubMed:10852926"
P19034	P19034	APOC2_BOVIN	101	SIGNAL 1..22; /evidence="ECO:0000269|PubMed:2209608"
Q96FE7	Q96FE7	P3IP1_HUMAN	263	SIGNAL 1..21; /evidence="ECO:0000269|PubMed:15340161"
P25403	P25403	AMP1_MIRJA	61	SIGNAL <1..24; /evidence="ECO:0000269|PubMed:1733929"
Q8T113	Q8T113	P27K_BOMMO	227	SIGNAL 1..17; /evidence="ECO:0000269|PubMed:11280994, ECO:0000269|Ref.1"
O60931	O60931	CTNS_HUMAN	367	SIGNAL 1..22; /evidence="ECO:0000269|PubMed:28082515"
O35806	O35806	LTBP2_RAT	1764	SIGNAL 1..35; /evidence="ECO:0000269|PubMed:26479776"
P22301	P22301	IL10_HUMAN	178	SIGNAL 1..18; /evidence="ECO:0000269|PubMed:15340161"
Q10NX8	Q10NX8	BGAL6_ORYSJ	858	SIGNAL 1..30; /evidence="ECO:0000269|PubMed:12723614"
P10764	P10764	IGF2_SHEEP	179	SIGNAL 1..24; /evidence="ECO:0000269|PubMed:2537174, ECO:0000269|PubMed:2752053"
P08236	P08236	BGLR_HUMAN	651	SIGNAL 1..22; /evidence="ECO:0000269|PubMed:1311180"
P67876	P67876	RNMG_ASPRE	176	SIGNAL 1..27; /evidence="ECO:0000269|PubMed:3994994"
Q9TVX3	Q9TVX3	KAX53_MESMA	61	SIGNAL 1..28; /evidence="ECO:0000269|PubMed:9151979"
P12872	P12872	MOTI_HUMAN	115	SIGNAL 1..25; /evidence="ECO:0000269|PubMed:15340161"
Q84UV8	Q84UV8	NEC3_NICLS	274	SIGNAL 1..25; /evidence="ECO:0000269|PubMed:15284496"
P27919	P27919	AVEN_AVESA	214	SIGNAL 1..28; /evidence="ECO:0000269|Ref.1"
P82143	P82143	PLIGB_GLOBS	200	SIGNAL 1..19; /evidence="ECO:0000269|PubMed:9230137"
Q868Z9	Q868Z9	PPN_DROME	2898	SIGNAL 1..26; /evidence="ECO:0000269|PubMed:11076767"
Q8T1G4	Q8T1G4	LYSA_DICDI	181	SIGNAL 1..19; /evidence="ECO:0000269|PubMed:15640146"
A6MEY4	A6MEY4	PA2B_BUNFA	145	SIGNAL 1..27; /evidence="ECO:0000269|PubMed:17383773"
O43866	O43866	CD5L_HUMAN	347	SIGNAL 1..19; /evidence="ECO:0000269|PubMed:15340161, ECO:0000269|PubMed:8034987, ECO:0000269|PubMed:9045627"
P48307	P48307	TFPI2_HUMAN	235	SIGNAL 1..22; /evidence="ECO:0000269|PubMed:3276312, ECO:0000269|PubMed:7872799"
Q5KQS4	Q5KQS4	FETC_GLOBR	324	SIGNAL 1..19; /evidence="ECO:0000269|PubMed:18037153"
P01033	P01033	TIMP1_HUMAN	207	SIGNAL 1..23; /evidence="ECO:0000269|PubMed:15340161, ECO:0000269|PubMed:1653055, ECO:0000269|PubMed:1730286, ECO:0000269|PubMed:3010309, ECO:0000269|PubMed:3839290, ECO:0000269|PubMed:3903517"
Q99MA2	Q99MA2	XPP2_RAT	674	SIGNAL 1..22; /evidence="ECO:0000269|PubMed:7669781"
Q8MVA6	Q8MVA6	ISAMP_IXOSC	69	SIGNAL 1..23; /evidence="ECO:0000269|PubMed:19852941"
Q16568	Q16568	CART_HUMAN	116	SIGNAL 1..27; /evidence="ECO:0000269|PubMed:15340161"
P0DSJ6	P0DSJ6	TX13A_MYRGU	62	SIGNAL 1..24; /evidence="ECO:0000269|PubMed:30214940"
P83313	P83313	NDB24_OPICA	82	SIGNAL 1..22; /evidence="ECO:0000269|PubMed:12354111"
Q6RG02	Q6RG02	VIT_PENME	2586	SIGNAL 1..18; /evidence="ECO:0000269|PubMed:16289995"
Q56S59	Q56S59	PHYLL_TOBAC	150	SIGNAL 1..23; /evidence="ECO:0000269|PubMed:15894716"
P08514	P08514	ITA2B_HUMAN	1039	SIGNAL 1..31; /evidence="ECO:0000269|PubMed:1953640, ECO:0000269|PubMed:3534886, ECO:0000269|PubMed:8620874"
Q09131	Q09131	PPAF_SOYBN	464	SIGNAL 1..30; /evidence="ECO:0000269|PubMed:16668896"
P45561	P45561	AMEL_PIG	189	SIGNAL 1..16; /evidence="ECO:0000269|PubMed:8250931"
P0CS93	P0CS93	GAOA_GIBZA	680	SIGNAL 1..24; /evidence="ECO:0000269|Ref.2"
P09791	P09791	PARB_TRYBB	129	SIGNAL 1..27; /evidence="ECO:0000269|PubMed:2475493"
Q9UBP4	Q9UBP4	DKK3_HUMAN	350	SIGNAL 1..21; /evidence="ECO:0000269|PubMed:15340161, ECO:0000269|PubMed:19838169"
O43653	O43653	PSCA_HUMAN	114	SIGNAL 1..11; /evidence="ECO:0000269|PubMed:15340161"
Q01151	Q01151	CD83_HUMAN	205	SIGNAL 1..19; /evidence="ECO:0000269|PubMed:15340161"
Q9NSA1	Q9NSA1	FGF21_HUMAN	209	SIGNAL 1..28; /evidence="ECO:0000269|PubMed:15340161"
Q07558	Q07558	HIRM1_HIRMN	84	SIGNAL 1..20; /evidence="ECO:0000269|PubMed:7685281"
P19801	P19801	AOC1_HUMAN	751	SIGNAL 1..19; /evidence="ECO:0000269|PubMed:8144586"
P18181	P18181	CD48_MOUSE	240	SIGNAL 1..22; /evidence="ECO:0000269|PubMed:1383383"
Q14802	Q14802	FXYD3_HUMAN	87	SIGNAL 1..20; /evidence="ECO:0000269|PubMed:17077088"
G8YYA5	G8YYA5	NDB4B_ANDAM	74	SIGNAL 1..22; /evidence="ECO:0000269|PubMed:22484288"
Q8J0D2	Q8J0D2	CBHRE_GEOS1	812	SIGNAL 1..23; /evidence="ECO:0000269|PubMed:12374797"
P86009	P86009	RBP_DRONO	238	SIGNAL 1..17; /evidence="ECO:0000269|PubMed:19416692"
P81623	P81623	ERP29_BOVIN	258	SIGNAL 1..29; /evidence="ECO:0000269|PubMed:9738895"
Q6UW88	Q6UW88	EPGN_HUMAN	154	SIGNAL 1..22; /evidence="ECO:0000269|PubMed:15340161"
P16933	P16933	SC3_SCHCO	136	SIGNAL 1..24; /evidence="ECO:0000269|PubMed:1770359"
P0DUT6	P0DUT6	U5928_DORVU	66	SIGNAL 1..20; /evidence="ECO:0000269|PubMed:33893140"
Q99372	Q99372	ELN_RAT	870	SIGNAL 1..27; /evidence="ECO:0000269|PubMed:26479776"
Q8H8C7	Q8H8C7	CEBIP_ORYSJ	356	SIGNAL 1..28; /evidence="ECO:0000269|PubMed:16829581"
Q70SU7	Q70SU7	SALRN_SALAL	342	SIGNAL 1..19; /evidence="ECO:0000269|PubMed:14505823"
P29022	P29022	CHIA_MAIZE	280	SIGNAL 1..25; /evidence="ECO:0000269|PubMed:21453431"
P08603	P08603	CFAH_HUMAN	1231	SIGNAL 1..18; /evidence="ECO:0000269|PubMed:6215918"
Q62867	Q62867	GGH_RAT	317	SIGNAL 1..24; /evidence="ECO:0000269|PubMed:8621474"
Q27908	Q27908	MANA_PINFU	447	SIGNAL 1..17; /evidence="ECO:0000269|PubMed:8790386"
P21828	P21828	FIBL_BOMMO	262	SIGNAL 1..16; /evidence="ECO:0000269|Ref.5"
Q968Z6	Q968Z6	PSIA_DICDI	557	SIGNAL 1..19; /evidence="ECO:0000269|PubMed:15367206"
Q84ZX5	Q84ZX5	ALL1_ARTVU	132	SIGNAL 1..24; /evidence="ECO:0000269|PubMed:12475905"
Q62598	Q62598	DSPP_RAT	687	SIGNAL 1..17; /evidence="ECO:0000269|PubMed:8106414"
P17301	P17301	ITA2_HUMAN	1181	SIGNAL 1..29; /evidence="ECO:0000269|PubMed:2545729"
P0DPU6	P0DPU6	TX14B_SCODE	197	SIGNAL <1..6; /evidence="ECO:0000269|PubMed:23148443"
P11590	P11590	MUP4_MOUSE	178	SIGNAL 1..16; /evidence="ECO:0000269|PubMed:12192080"
Q969Z4	Q969Z4	TR19L_HUMAN	430	SIGNAL 1..25; /evidence="ECO:0000269|PubMed:11313261, ECO:0000269|PubMed:15340161"
O43278	O43278	SPIT1_HUMAN	529	SIGNAL 1..35; /evidence="ECO:0000269|PubMed:15340161"
P40967	P40967	PMEL_HUMAN	661	SIGNAL 1..24; /evidence="ECO:0000269|PubMed:8179825"
Q8BSU2	Q8BSU2	CXL16_MOUSE	246	SIGNAL 1..26; /evidence="ECO:0000269|PubMed:11017100"
Q8TAL6	Q8TAL6	FIBIN_HUMAN	211	SIGNAL 1..18; /evidence="ECO:0000269|PubMed:21615908"
Q9D6Y1	Q9D6Y1	CCDC3_MOUSE	273	SIGNAL 1..21; /evidence="ECO:0000269|PubMed:20043878"
P34746	P34746	SOMA_OREMO	204	SIGNAL 1..17; /evidence="ECO:0000269|PubMed:2019405"
P01588	P01588	EPO_HUMAN	193	SIGNAL 1..27; /evidence="ECO:0000269|PubMed:3949763"
P35053	P35053	GPC1_RAT	558	SIGNAL 1..23; /evidence="ECO:0000269|PubMed:1417860"
Q6UX27	Q6UX27	VSTM1_HUMAN	236	SIGNAL 1..16; /evidence="ECO:0000269|PubMed:15340161"
P15309	P15309	PPAP_HUMAN	386	SIGNAL 1..32; /evidence="ECO:0000269|PubMed:10639192"
P31836	P31836	NCAM1_BOVIN	853	SIGNAL 1..19; /evidence="ECO:0000269|PubMed:3512556"
P12273	P12273	PIP_HUMAN	146	SIGNAL 1..28; /evidence="ECO:0000269|PubMed:2013294, ECO:0000269|PubMed:25946035"
P25942	P25942	TNR5_HUMAN	277	SIGNAL 1..20; /evidence="ECO:0000269|PubMed:11676606, ECO:0000269|PubMed:15340161, ECO:0000269|PubMed:2463309"
O76942	O76942	PTP1_ENCCU	395	SIGNAL 1..22; /evidence="ECO:0000269|PubMed:9723921"
P04275	P04275	VWF_HUMAN	2813	SIGNAL 1..22; /evidence="ECO:0000269|PubMed:3495266"
P48747	P48747	CO9_RABIT	557	SIGNAL 1..21; /evidence="ECO:0000269|PubMed:7533152"
O94985	O94985	CSTN1_HUMAN	981	SIGNAL 1..28; /evidence="ECO:0000269|PubMed:15037614"
A0A1S6EK92	A0A1S6EK92	MO2_MOROL	79	SIGNAL 1..20; /evidence="ECO:0000269|PubMed:28359256"
B9A8D7	B9A8D7	SPI2_CRAVI	85	SIGNAL 1..18; /evidence="ECO:0000269|PubMed:19464375"
P84777	P84777	KA156_TITDI	61	SIGNAL 1..23; /evidence="ECO:0000269|PubMed:15369825"
C0HL38	C0HL38	TX1A_TRICU	60	SIGNAL 1..19; /evidence="ECO:0000269|PubMed:28497266"
P13671	P13671	CO6_HUMAN	934	SIGNAL 1..21; /evidence="ECO:0000269|PubMed:2808363"
Q17058	Q17058	MAL1_APIME	567	SIGNAL 1..17; /evidence="ECO:0000269|PubMed:8619864"
P30986	P30986	RETO_ESCCA	538	SIGNAL 1..23; /evidence="ECO:0000269|PubMed:1946465"
Q05359	Q05359	ERP1_YEAST	219	SIGNAL 1..22; /evidence="ECO:0000269|PubMed:10713261"
A0A1W6EVN2	A0A1W6EVN2	AMPU2_AMPCP	50	SIGNAL 1..26; /evidence="ECO:0000269|PubMed:29350905"
C0HKM3	C0HKM3	HYAL_CONPU	458	SIGNAL 1..18; /evidence="ECO:0000269|PubMed:28479398"
Q60GF7	Q60GF7	PIGX_RAT	252	SIGNAL 1..22; /evidence="ECO:0000269|PubMed:15635094"
P08541	P08541	UD2B2_RAT	530	SIGNAL 1..23; /evidence="ECO:0000269|PubMed:7492328"
P58154	P58154	ACHP_LYMST	229	SIGNAL 1..19; /evidence="ECO:0000269|PubMed:11357121"
O48818	O48818	EXPA4_ARATH	257	SIGNAL 1..20; /evidence="ECO:0000269|PubMed:9188482"
P14925	P14925	AMD_RAT	976	SIGNAL 1..25; /evidence="ECO:0000269|PubMed:2211657"
P38660	P38660	PDIA6_MESAU	439	SIGNAL 1..19; /evidence="ECO:0000269|PubMed:1311171"
Q6UWY5	Q6UWY5	OLFL1_HUMAN	402	SIGNAL 1..28; /evidence="ECO:0000269|PubMed:15340161"
Q8T0W0	Q8T0W0	CVP6_PIMHY	77	SIGNAL 1..21; /evidence="ECO:0000269|PubMed:15147757"
Q6IWZ0	Q6IWZ0	OXLA_APLCA	535	SIGNAL 1..18; /evidence="ECO:0000269|PubMed:16155232"
P29007	P29007	GRP_BOMOR	155	SIGNAL 1..31; /evidence="ECO:0000269|PubMed:1551901"
Q27022	Q27022	SP23_TENMO	182	SIGNAL 1..7; /evidence="ECO:0000269|PubMed:1527013"
Q14210	Q14210	LY6D_HUMAN	128	SIGNAL 1..20; /evidence="ECO:0000269|PubMed:15340161, ECO:0000269|PubMed:7790363"
P08376	P08376	SRX1B_SARPE	63	SIGNAL 1..23; /evidence="ECO:0000269|PubMed:3888997"
A5HAK0	A5HAK0	RNSL3_DANRE	149	SIGNAL 1..22; /evidence="ECO:0000269|PubMed:18508078"
P06681	P06681	CO2_HUMAN	752	SIGNAL 1..20; /evidence="ECO:0000269|PubMed:10734221, ECO:0000269|PubMed:6922702"
O00105	O00105	IPUA_ASPNG	564	SIGNAL 1..19; /evidence="ECO:0000269|PubMed:8987855"
Q9HB40	Q9HB40	RISC_HUMAN	452	SIGNAL 1..26; /evidence="ECO:0000269|PubMed:15340161"
Q9Z0L3	Q9Z0L3	OC90_MOUSE	485	SIGNAL 1..17; /evidence="ECO:0000269|PubMed:9860971"
Q6T6C2	Q6T6C2	THMAC_THETS	97	SIGNAL 1..22; /evidence="ECO:0000269|PubMed:15102860"
D7UQ40	D7UQ40	SOL5_ALTSO	515	SIGNAL 1..25; /evidence="ECO:0000269|PubMed:18256508"
Q99935	Q99935	PROL1_HUMAN	248	SIGNAL 1..21; /evidence="ECO:0000269|PubMed:17101991, ECO:0000269|PubMed:25946035"
Q9NZ53	Q9NZ53	PDXL2_HUMAN	605	SIGNAL 1..32; /evidence="ECO:0000269|PubMed:10722749"
P02790	P02790	HEMO_HUMAN	462	SIGNAL 1..23; /evidence="ECO:0000269|PubMed:3855550, ECO:0000269|PubMed:6510521"
Q16602	Q16602	CALRL_HUMAN	461	SIGNAL 1..22; /evidence="ECO:0000269|PubMed:15340161"
Q00193	Q00193	ZP4_RABIT	540	SIGNAL 1..24; /evidence="ECO:0000269|PubMed:1707882"
Q9BX59	Q9BX59	TPSNR_HUMAN	468	SIGNAL 1..18; /evidence="ECO:0000269|PubMed:15340161"
P15450	P15450	ABAE_APIME	53	SIGNAL 1..19; /evidence="ECO:0000269|PubMed:2298215"
P14770	P14770	GPIX_HUMAN	177	SIGNAL 1..16; /evidence="ECO:0000269|PubMed:12665801, ECO:0000269|PubMed:2253772, ECO:0000269|PubMed:2771955, ECO:0000269|PubMed:3056407"
P52823	P52823	STC1_HUMAN	247	SIGNAL 1..17; /evidence="ECO:0000269|PubMed:15340161"
O18330	O18330	MRJP1_APIME	432	SIGNAL 1..19; /evidence="ECO:0000269|PubMed:11302159, ECO:0000269|PubMed:9791542"
P80961	P80961	AFP4_MYOOC	128	SIGNAL 1..20; /evidence="ECO:0000269|PubMed:9013849"
B2NHN2	B2NHN2	PHAZ_TALFU	339	SIGNAL 1..20; /evidence="ECO:0000269|Ref.1"
Q86Y34	Q86Y34	AGRG3_HUMAN	549	SIGNAL 1..20; /evidence="ECO:0000269|PubMed:15340161"
Q8NI17	Q8NI17	IL31R_HUMAN	732	SIGNAL 1..19; /evidence="ECO:0000269|PubMed:15340161"
Q8NK90	Q8NK90	ABFA_ASPKW	628	SIGNAL 1..25; /evidence="ECO:0000269|PubMed:16233515"
B5LZ79	B5LZ79	DEF_GYMCO	75	SIGNAL 1..30; /evidence="ECO:0000269|Ref.1, ECO:0000269|Ref.2"
P0C1B3	P0C1B3	AMYA1_ASPOR	499	SIGNAL 1..21; /evidence="ECO:0000269|Ref.5"
Q40975	Q40975	S1_PAPRH	139	SIGNAL 1..19; /evidence="ECO:0000269|PubMed:8134385"
P02809	P02809	STAT_MACFA	61	SIGNAL 1..19; /evidence="ECO:0000269|PubMed:3476566, ECO:0000269|PubMed:7107568"
O62605	O62605	SI25_GALME	218	SIGNAL 1..16; /evidence="ECO:0000269|PubMed:7715595"
Q96DR8	Q96DR8	MUCL1_HUMAN	90	SIGNAL 1..20; /evidence="ECO:0000269|PubMed:15340161"
Q969P0	Q969P0	IGSF8_HUMAN	613	SIGNAL 1..27; /evidence="ECO:0000269|PubMed:19892738"
Q9VH14	Q9VH14	TIMP_DROME	210	SIGNAL 1..27; /evidence="ECO:0000269|PubMed:14567681"
P48819	P48819	VTNC_PIG	459	SIGNAL 1..19; /evidence="ECO:0000269|PubMed:1372829"
P08505	P08505	IL6_MOUSE	211	SIGNAL 1..24; /evidence="ECO:0000269|PubMed:2948184, ECO:0000269|PubMed:3262059"
Q13007	Q13007	IL24_HUMAN	206	SIGNAL 1..51; /evidence="ECO:0000269|PubMed:15340161"
Q5B833	Q5B833	MANB_EMENI	387	SIGNAL 1..24; /evidence="ECO:0000269|PubMed:24950755"
Q27967	Q27967	SPP24_BOVIN	203	SIGNAL 1..23; /evidence="ECO:0000269|PubMed:7814406"
P13385	P13385	TDGF1_HUMAN	188	SIGNAL 1..30; /evidence="ECO:0000269|PubMed:15340161"
P82384	P82384	LCP9_DROME	92	SIGNAL 1..16; /evidence="ECO:0000269|PubMed:9654737"
Q86SC0	Q86SC0	SCAB_ORYRH	66	SIGNAL 1..26; /evidence="ECO:0000269|PubMed:12859949"
Q8WQK0	Q8WQK0	VN46_COTRU	65	SIGNAL 1..23; /evidence="ECO:0000269|PubMed:12761876"
Q39649	Q39649	2SS_CUCMA	141	SIGNAL 1..22; /evidence="ECO:0000269|PubMed:8275099"
P18657	P18657	APO1B_MACFA	83	SIGNAL 1..26; /evidence="ECO:0000269|PubMed:3105581"
P18684	P18684	DIPD_PROTE	101	SIGNAL 1..18; /evidence="ECO:0000269|PubMed:7779781"
Q9BWV1	Q9BWV1	BOC_HUMAN	1114	SIGNAL 1..30; /evidence="ECO:0000269|PubMed:15340161"
Q7M4T0	Q7M4T0	NEG1_NEUCR	480	SIGNAL 1..17; /evidence="ECO:0000269|PubMed:12162562"
P81054	P81054	PLMP_GRIFR	348	SIGNAL 1..18; /evidence="ECO:0000269|PubMed:12501439"
Q9P0V8	Q9P0V8	SLAF8_HUMAN	285	SIGNAL 1..22; /evidence="ECO:0000269|PubMed:15340161"
Q6GU94	Q6GU94	DEFL1_CENLI	56	SIGNAL 1..24; /evidence="ECO:0000269|PubMed:15197474"
P01920	P01920	DQB1_HUMAN	261	SIGNAL 1..32; /evidence="ECO:0000269|PubMed:6576979"
P0DUT0	P0DUT0	U661_DORVU	46	SIGNAL 1..19; /evidence="ECO:0000269|PubMed:33893140"
P27797	P27797	CALR_HUMAN	417	SIGNAL 1..17; /evidence="ECO:0000269|PubMed:1286669, ECO:0000269|PubMed:1911778, ECO:0000269|PubMed:2400400, ECO:0000269|PubMed:3260607, ECO:0000269|PubMed:7841019, ECO:0000269|PubMed:8418194, ECO:0000269|PubMed:9150948, ECO:0007744|PubMed:25944712"
A0A0F7YZQ7	A0A0F7YZQ7	CELE_CONVC	100	SIGNAL 1..24; /evidence="ECO:0000269|PubMed:26301480"
B0FHH8	B0FHH8	ML1P_MANSE	151	SIGNAL 1..18; /evidence="ECO:0000269|PubMed:18343500"
Q9UKZ9	Q9UKZ9	PCOC2_HUMAN	415	SIGNAL 1..23; /evidence="ECO:0000269|PubMed:15340161"
Q8N6C8	Q8N6C8	LIRA3_HUMAN	439	SIGNAL 1..23; /evidence="ECO:0000269|PubMed:15340161"
Q09098	Q09098	PATE4_MOUSE	99	SIGNAL 1..23; /evidence="ECO:0000269|PubMed:11118436, ECO:0000269|PubMed:1400406"
Q5AMT2	Q5AMT2	BGL2_CANAL	308	SIGNAL 1..18; /evidence="ECO:0000269|PubMed:19013773"
P48765	P48765	NAC1_BOVIN	970	SIGNAL 1..32; /evidence="ECO:0000269|PubMed:1929404"
P86407	P86407	NDB2_MESEU	75	SIGNAL 1..22; /evidence="ECO:0000269|Ref.2"
I6S7G5	I6S7G5	TXB3A_SCOMU	84	SIGNAL 1..16; /evidence="ECO:0000269|PubMed:22595790"
P84688	P84688	SCX7_TITOB	84	SIGNAL 1..20; /evidence="ECO:0000269|PubMed:15025998"
Q8LG54	Q8LG54	AGP7_ARATH	130	SIGNAL 1..21; /evidence="ECO:0000269|PubMed:11006345"
Q42372	Q42372	LCB2_ROBPS	286	SIGNAL 1..31; /evidence="ECO:0000269|PubMed:7716244, ECO:0000269|Ref.3"
P98066	P98066	TSG6_HUMAN	277	SIGNAL 1..17; /evidence="ECO:0000269|PubMed:7516184"
C5P3X6	C5P3X6	MEP1_COCP7	276	SIGNAL 1..18; /evidence="ECO:0000269|PubMed:16177346"
P27731	P27731	TTHY_CHICK	150	SIGNAL 1..20; /evidence="ECO:0000269|PubMed:1833190"
P58912	P58912	TX60B_PHYSE	488	SIGNAL 1..21; /evidence="ECO:0000269|PubMed:12061771"
Q589G4	Q589G4	VKT19_ANOSM	75	SIGNAL 1..17; /evidence="ECO:0000269|PubMed:15823549"
P14661	P14661	CECP1_ASCSU	70	SIGNAL 1..13; /evidence="ECO:0000269|PubMed:12737319, ECO:0000269|PubMed:2512577"
P28088	P28088	EDNRB_BOVIN	441	SIGNAL 1..26; /evidence="ECO:0000269|PubMed:1660473, ECO:0000269|PubMed:9422751"
Q4W1I9	Q4W1I9	PER2_ZINVI	321	SIGNAL 1..30; /evidence="ECO:0000269|PubMed:16258008"
Q9UBT3	Q9UBT3	DKK4_HUMAN	224	SIGNAL 1..18; /evidence="ECO:0000269|PubMed:10570958, ECO:0000269|PubMed:15340161"
O35701	O35701	MATN3_MOUSE	481	SIGNAL 1..27; /evidence="ECO:0000269|PubMed:10660556"
C9K4X8	C9K4X8	GSS_PATPE	116	SIGNAL 1..29; /evidence="ECO:0000269|PubMed:19470645"
Q8JFQ0	Q8JFQ0	BM8X_BOMMX	96	SIGNAL 1..19; /evidence="ECO:0000269|PubMed:12628381"
Q7SZI7	Q7SZI7	RET3_XENLA	1219	SIGNAL 1..22; /evidence="ECO:0000269|PubMed:18079675"
P13725	P13725	ONCM_HUMAN	252	SIGNAL 1..25; /evidence="ECO:0000269|PubMed:1542792, ECO:0000269|PubMed:3540948"
Q76FB0	Q76FB0	C550B_CYACA	155	SIGNAL 1..20; /evidence="ECO:0000255|HAMAP-Rule:MF_01378, ECO:0000269|PubMed:8534673"
Q02809	Q02809	PLOD1_HUMAN	727	SIGNAL 1..18; /evidence="ECO:0000269|PubMed:1577494"
P05164	P05164	PERM_HUMAN	745	SIGNAL 1..48; /evidence="ECO:0000269|PubMed:20332087, ECO:0000269|PubMed:2154223"
P80356	P80356	AVE3_AVESA	220	SIGNAL 1..19; /evidence="ECO:0000269|PubMed:7925380"
Q15762	Q15762	CD226_HUMAN	336	SIGNAL 1..18; /evidence="ECO:0000269|PubMed:8673704"
P04196	P04196	HRG_HUMAN	525	SIGNAL 1..18; /evidence="ECO:0000269|PubMed:1459097"
P05790	P05790	FIBH_BOMMO	5263	SIGNAL 1..21; /evidence="ECO:0000269|PubMed:16466694, ECO:0000269|Ref.7"
Q96S96	Q96S96	PEBP4_HUMAN	227	SIGNAL 1..22; /evidence="ECO:0000269|PubMed:15340161"
P07897	P07897	PGCA_RAT	2124	SIGNAL 1..19; /evidence="ECO:0000269|PubMed:3693371"
Q27650	Q27650	LYS1_ENTH1	211	SIGNAL 1..13; /evidence="ECO:0000269|PubMed:7649184"
Q7M3V1	Q7M3V1	33VP_CHENC	246	SIGNAL 1..20; /evidence="ECO:0000269|PubMed:2383579"
P24821	P24821	TENA_HUMAN	2201	SIGNAL 1..22; /evidence="ECO:0000269|PubMed:1707164"
Q8T0W1	Q8T0W1	CVP5_PIMHY	115	SIGNAL 1..22; /evidence="ECO:0000255, ECO:0000269|PubMed:15147757"
Q9BXJ3	Q9BXJ3	C1QT4_HUMAN	329	SIGNAL 1..16; /evidence="ECO:0000269|PubMed:21658842"
P42098	P42098	ZP3_PIG	421	SIGNAL 1..22; /evidence="ECO:0000269|PubMed:8562067"
Q95NK7	Q95NK7	KA142_MESMA	54	SIGNAL 1..23; /evidence="ECO:0000269|PubMed:15208022"
Q6UWV2	Q6UWV2	MPZL3_HUMAN	235	SIGNAL 1..31; /evidence="ECO:0000269|PubMed:15340161"
P02462	P02462	CO4A1_HUMAN	1669	SIGNAL 1..27; /evidence="ECO:0000269|PubMed:4043082"
Q00945	Q00945	CONO_LYMST	155	SIGNAL 1..26; /evidence="ECO:0000269|PubMed:1584795"
Q9UAD0	Q9UAD0	CTXL_MESMA	59	SIGNAL 1..24; /evidence="ECO:0000269|PubMed:22887697"
O18994	O18994	GPX5_PIG	219	SIGNAL 1..21; /evidence="ECO:0000269|PubMed:9271255"
G4ZHR2	G4ZHR2	XEG1_PHYSP	241	SIGNAL 1..19; /evidence="ECO:0000269|PubMed:26163574"
Q9UK23	Q9UK23	NAGPA_HUMAN	515	SIGNAL 1..25; /evidence="ECO:0000269|PubMed:12058031"
O64411	O64411	PAO1_MAIZE	500	SIGNAL 1..28; /evidence="ECO:0000269|PubMed:9598979"
P54837	P54837	TMEDA_YEAST	211	SIGNAL 1..20; /evidence="ECO:0000269|PubMed:10713261, ECO:0000269|PubMed:8900179"
P08069	P08069	IGF1R_HUMAN	1367	SIGNAL 1..30; /evidence="ECO:0000269|PubMed:2877871, ECO:0000269|PubMed:8257688"
P13686	P13686	PPA5_HUMAN	325	SIGNAL 1..21; /evidence="ECO:0000269|PubMed:1477968, ECO:0000269|PubMed:2334436, ECO:0000269|PubMed:2610679, ECO:0000269|PubMed:2775236"
P11438	P11438	LAMP1_MOUSE	406	SIGNAL 1..24; /evidence="ECO:0000269|PubMed:3379044"
O95715	O95715	CXL14_HUMAN	111	SIGNAL 1..34; /evidence="ECO:0000269|PubMed:10946286"
A0A023W145	A0A023W145	TXX1B_ETHRU	88	SIGNAL 1..24; /evidence="ECO:0000269|PubMed:24602922"
P31419	P31419	OBP2_MANSE	161	SIGNAL 1..20; /evidence="ECO:0000269|PubMed:2010751"
P30659	P30659	MAXA_LUTLO	86	SIGNAL 1..23; /evidence="ECO:0000269|PubMed:1730635"
Q9H9K5	Q9H9K5	MER34_HUMAN	563	SIGNAL 1..26; /evidence="ECO:0000269|PubMed:28739914"
Q9UIK5	Q9UIK5	TEFF2_HUMAN	374	SIGNAL 1..40; /evidence="ECO:0000269|PubMed:15340161"
Q08481	Q08481	PECA1_MOUSE	727	SIGNAL 1..17; /evidence="ECO:0000269|PubMed:1415479"
P02780	P02780	SG2A2_RAT	95	SIGNAL 1..18; /evidence="ECO:0000269|PubMed:7014218"
P28825	P28825	MEP1A_MOUSE	747	SIGNAL 1..20; /evidence="ECO:0000269|PubMed:8615815"
P09230	P09230	AEP_YARLI	454	SIGNAL 1..15; /evidence="ECO:0000269|PubMed:9353927"
B4FZ87	B4FZ87	ACHE_MAIZE	396	SIGNAL 1..31; /evidence="ECO:0000269|PubMed:15980188"
B8JLQ9	B8JLQ9	CBPO_DANRE	363	SIGNAL 1..24; /evidence="ECO:0000269|PubMed:21921028"
O95633	O95633	FSTL3_HUMAN	263	SIGNAL 1..26; /evidence="ECO:0000269|PubMed:15340161"
P29794	P29794	GLUC_CANLF	180	SIGNAL 1..20; /evidence="ECO:0000269|PubMed:3238052"
Q99467	Q99467	CD180_HUMAN	661	SIGNAL 1..23; /evidence="ECO:0000269|PubMed:15340161"
P02703	P02703	COL_PIG	112	SIGNAL 1..17; /evidence="ECO:0000269|PubMed:6691986"
Q8MI35	Q8MI35	NPW_PIG	152	SIGNAL 1..32; /evidence="ECO:0000269|PubMed:12130646"
Q03383	Q03383	ACH1_BOMMO	400	SIGNAL 1..16; /evidence="ECO:0000269|PubMed:6430879"
Q07081	Q07081	OLFM_LITCT	464	SIGNAL 1..16; /evidence="ECO:0000269|PubMed:8424933, ECO:0000269|PubMed:8506313"
Q53NL5	Q53NL5	XIP2_ORYSJ	290	SIGNAL 1..27; /evidence="ECO:0000269|PubMed:15895691"
Q52085	Q52085	GP64_HETPA	320	SIGNAL 1..19; /evidence="ECO:0000269|PubMed:8276846"
Q86QT3	Q86QT3	KGX11_CENNO	62	SIGNAL 1..20; /evidence="ECO:0000269|PubMed:10224238"
P01888	P01888	B2MG_BOVIN	118	SIGNAL 1..20; /evidence="ECO:0000269|PubMed:6174509"
Q6IV20	Q6IV20	GLL11_CHICK	104	SIGNAL 1..22; /evidence="ECO:0000269|PubMed:1520265"
P0DKU2	P0DKU2	PA2_PANIM	145	SIGNAL 1..15; /evidence="ECO:0000269|PubMed:10556514"
P01579	P01579	IFNG_HUMAN	166	SIGNAL 1..23; /evidence="ECO:0000269|PubMed:3109913, ECO:0000269|PubMed:6427223"
P07981	P07981	GUN1_HYPJE	459	SIGNAL 1..22; /evidence="ECO:0000269|Ref.3"
O13547	O13547	CCW14_YEAST	238	SIGNAL 1..22; /evidence="ECO:0000269|PubMed:10322008"
P24807	P24807	CD24_MOUSE	76	SIGNAL 1..26; /evidence="ECO:0000269|PubMed:1530634"
P01168	P01168	SMS_PIG	116	SIGNAL 1..24; /evidence="ECO:0000269|PubMed:2567292, ECO:0000269|PubMed:2865169"
Q02126	Q02126	E13C_HORVU	330	SIGNAL 1..25; /evidence="ECO:0000269|PubMed:8424790"
P61916	P61916	NPC2_HUMAN	151	SIGNAL 1..19; /evidence="ECO:0000269|PubMed:11125141, ECO:0000269|PubMed:17018531"
P52706	P52706	MDL1_PRUSE	563	SIGNAL 1..27; /evidence="ECO:0000269|PubMed:16668338"
P10163	P10163	PRB4_HUMAN	310	SIGNAL 1..16; /evidence="ECO:0000269|PubMed:8373986"
Q9NPR2	Q9NPR2	SEM4B_HUMAN	837	SIGNAL 1..43; /evidence="ECO:0000269|PubMed:15340161"
Q5D710	Q5D710	SCYG_SCYSE	126	SIGNAL 1..24; /evidence="ECO:0000269|Ref.2"
P14625	P14625	ENPL_HUMAN	803	SIGNAL 1..21; /evidence="ECO:0000269|PubMed:12665801, ECO:0007744|PubMed:25944712"
O95813	O95813	CER1_HUMAN	267	SIGNAL 1..17; /evidence="ECO:0000269|PubMed:15340161"
Q95JC9	Q95JC9	PRP_PIG	676	SIGNAL 1..16; /evidence="ECO:0000269|PubMed:16112392"
E9NX73	E9NX73	2SS_FAGTA	149	SIGNAL 1..22; /evidence="ECO:0000269|PubMed:21645012, ECO:0000269|PubMed:29306152"
P45478	P45478	PPT1_BOVIN	306	SIGNAL 1..27; /evidence="ECO:0000269|PubMed:7916016"
Q25255	Q25255	PE44_LUCCU	356	SIGNAL 1..23; /evidence="ECO:0000269|PubMed:8621536"
Q9Z0K8	Q9Z0K8	VNN1_MOUSE	512	SIGNAL 1..23; /evidence="ECO:0000269|PubMed:8934567"
P83958	P83958	TLP_ACTCC	225	SIGNAL 1..24; /evidence="ECO:0000269|PubMed:12165295, ECO:0000269|PubMed:12417892, ECO:0000269|PubMed:15536427"
P55847	P55847	MIH_PENJP	105	SIGNAL 1..28; /evidence="ECO:0000269|PubMed:8801521"
Q28862	Q28862	SIAL_BOVIN	310	SIGNAL 1..16; /evidence="ECO:0000269|PubMed:8663267"
Q9BZR6	Q9BZR6	RTN4R_HUMAN	473	SIGNAL 1..26; /evidence="ECO:0000269|PubMed:15340161"
P86929	P86929	LMBPG_METGU	73	SIGNAL 1..14; /evidence="ECO:0000269|PubMed:21539875"
Q8WZI8	Q8WZI8	FAEB_ASPNG	521	SIGNAL 1..17; /evidence="ECO:0000269|PubMed:11931668"
P01189	P01189	COLI_HUMAN	267	SIGNAL 1..26; /evidence="ECO:0000269|PubMed:15340161, ECO:0000269|PubMed:6267033, ECO:0000269|PubMed:6945581"
O97939	O97939	ENAM_PIG	1142	SIGNAL 1..38; /evidence="ECO:0000269|PubMed:9206327"
P19320	P19320	VCAM1_HUMAN	739	SIGNAL 1..24; /evidence="ECO:0000269|PubMed:15340161"
P02763	P02763	A1AG1_HUMAN	201	SIGNAL 1..18; /evidence="ECO:0000269|PubMed:4711474"
G5ED35	G5ED35	TTR52_CAEEL	135	SIGNAL 1..20; /evidence="ECO:0000269|PubMed:20526330"
Q9GL30	Q9GL30	PLBL1_BOVIN	545	SIGNAL 1..35; /evidence="ECO:0000269|PubMed:23934913"
P02783	P02783	SVS4_RAT	112	SIGNAL 1..21; /evidence="ECO:0000269|PubMed:7007263"
Q9Y5Q6	Q9Y5Q6	INSL5_HUMAN	135	SIGNAL 1..22; /evidence="ECO:0000269|PubMed:15340161"
P0CX77	P0CX77	ASP22_YEAST	362	SIGNAL 1..25; /evidence="ECO:0000269|PubMed:3042786"
P56722	P56722	PTPRN_BOVIN	979	SIGNAL 1..34; /evidence="ECO:0000269|PubMed:10457160"
Q8W257	Q8W257	PFI_PTIFI	500	SIGNAL 1..21; /evidence="ECO:0000269|PubMed:12054482"
Q5G8A6	Q5G8A6	KBX1_TITCO	87	SIGNAL 1..19; /evidence="ECO:0000269|PubMed:15683865"
P27613	P27613	GLBH_TRICO	173	SIGNAL 1..15; /evidence="ECO:0000269|PubMed:1542314"
O42720	O42720	CBP1_AJECG	110	SIGNAL 1..32; /evidence="ECO:0000269|PubMed:9489665"
A0A0D1DWQ2	A0A0D1DWQ2	CMU1_USTMA	290	SIGNAL 1..21; /evidence="ECO:0000269|PubMed:30651637"
Q95121	Q95121	PEDF_BOVIN	416	SIGNAL 1..20; /evidence="ECO:0000269|PubMed:7592790"
Q9UVI4	Q9UVI4	THYD_CLAFS	394	SIGNAL 1..16; /evidence="ECO:0000269|PubMed:10336622"
O14773	O14773	TPP1_HUMAN	563	SIGNAL 1..19; /evidence="ECO:0000269|PubMed:11054422"
P16882	P16882	GHR_MOUSE	650	SIGNAL 1..24; /evidence="ECO:0000269|PubMed:3398846"
P0DUT5	P0DUT5	UE74_DORVU	37	SIGNAL 1..20; /evidence="ECO:0000269|PubMed:33893140"
P52307	P52307	5NTD_RHIMP	580	SIGNAL <1..14; /evidence="ECO:0000269|PubMed:8387372"
P55927	P55927	KAX71_PANIM	47	SIGNAL <1..12; /evidence="ECO:0000269|PubMed:8660410, ECO:0000269|PubMed:8913348"
Q8WP90	Q8WP90	PBGP9_SOLIN	153	SIGNAL 1..19; /evidence="ECO:0000269|PubMed:11711637"
P09656	P09656	ISK1L_RAT	79	SIGNAL 1..23; /evidence="ECO:0000269|PubMed:1400406, ECO:0000269|PubMed:2110056, ECO:0000269|PubMed:3202973"
Q6IUU3	Q6IUU3	QSOX1_RAT	750	SIGNAL 1..32; /evidence="ECO:0000269|PubMed:11278790, ECO:0000269|PubMed:12354420"
Q7Z0T3	Q7Z0T3	TEMPT_APLCA	125	SIGNAL 1..22; /evidence="ECO:0000269|PubMed:15054104"
P19011	P19011	VITB2_XENLA	71	SIGNAL 1..15; /evidence="ECO:0000269|PubMed:8185593"
Q7Z5L0	Q7Z5L0	VMO1_HUMAN	202	SIGNAL 1..24; /evidence="ECO:0000269|PubMed:15340161"
Q9U8D1	Q9U8D1	KAX92_MESMA	56	SIGNAL 1..28; /evidence="ECO:0000269|PubMed:9151979"
P21837	P21837	CRYS_DICDI	550	SIGNAL 1..19; /evidence="ECO:0000269|PubMed:2307702"
Q18184	Q18184	FLP27_CAEEL	89	SIGNAL 1..23; /evidence="ECO:0000269|PubMed:19456328"
P01364	P01364	AGN3_APLCA	108	SIGNAL 1..23; /evidence="ECO:0000269|PubMed:2573895"
Q6F4C6	Q6F4C6	PMN14_PINFU	121	SIGNAL 1..16; /evidence="ECO:0000269|PubMed:15132736"
P14209	P14209	CD99_HUMAN	185	SIGNAL 1..22; /evidence="ECO:0000269|PubMed:2479542"
P10762	P10762	APL3_LOCMI	179	SIGNAL 1..16; /evidence="ECO:0000269|PubMed:2007409"
P91745	P91745	PE48A_LUCCU	375	SIGNAL 1..20; /evidence="ECO:0000269|PubMed:8621536, ECO:0000269|PubMed:9639876"
Q28173	Q28173	RAGE_BOVIN	416	SIGNAL 1..22; /evidence="ECO:0000269|PubMed:1321822"
Q9NPF0	Q9NPF0	CD320_HUMAN	282	SIGNAL 1..35; /evidence="ECO:0000269|PubMed:15340161"
Q23997	Q23997	C5210_DROME	452	SIGNAL 1..18; /evidence="ECO:0000269|PubMed:7875581"
A0A7J6K7I9	A0A7J6K7I9	WNG2_TOXGO	553	SIGNAL 1..64; /evidence="ECO:0000269|PubMed:30377279"
Q9P2K2	Q9P2K2	TXD16_HUMAN	825	SIGNAL 1..27; /evidence="ECO:0000255, ECO:0000269|PubMed:25122923"
I1SB12	I1SB12	MNCO_MICNN	495	SIGNAL 1..22; /evidence="ECO:0000269|PubMed:11179980"
A9UGV5	A9UGV5	APEP1_ORYSJ	68	SIGNAL 1..30; /evidence="ECO:0000269|PubMed:15653800"
P06865	P06865	HEXA_HUMAN	529	SIGNAL 1..22; /evidence="ECO:0000269|PubMed:2952641, ECO:0000305|PubMed:11707436"
O95866	O95866	G6B_HUMAN	241	SIGNAL 1..17; /evidence="ECO:0000269|PubMed:12665801"
P15226	P15226	SCX1_TITSE	84	SIGNAL 1..20; /evidence="ECO:0000269|PubMed:1926167, ECO:0000269|PubMed:1993690, ECO:0000269|PubMed:25199494, ECO:0000269|PubMed:6477555, ECO:0000269|Ref.7"
Q42656	Q42656	AGAL_COFAR	378	SIGNAL 1..15; /evidence="ECO:0000269|PubMed:8144030"
O14625	O14625	CXL11_HUMAN	94	SIGNAL 1..21; /evidence="ECO:0000269|PubMed:10233762"
P33559	P33559	XYNA_ASPKW	327	SIGNAL 1..25; /evidence="ECO:0000269|PubMed:1368254"
Q00870	Q00870	KHS_FUSSH	350	SIGNAL 1..19; /evidence="ECO:0000269|PubMed:1366757"
Q8NBI3	Q8NBI3	DRAXI_HUMAN	349	SIGNAL 1..25; /evidence="ECO:0000255|HAMAP-Rule:MF_03060, ECO:0000269|PubMed:15340161"
P32803	P32803	EMP24_YEAST	203	SIGNAL 1..20; /evidence="ECO:0000269|PubMed:10713261, ECO:0000269|PubMed:8314797"
O46168	O46168	TXI3_ERAAG	68	SIGNAL 1..17; /evidence="ECO:0000269|PubMed:9589602"
Q13433	Q13433	S39A6_HUMAN	755	SIGNAL 1..28; /evidence="ECO:0000269|PubMed:15340161"
Q91XZ4	Q91XZ4	PCDB6_MOUSE	772	SIGNAL 1..28; /evidence="ECO:0000269|PubMed:27161523"
P29421	P29421	IAAS_ORYSJ	200	SIGNAL 1..22; /evidence="ECO:0000269|PubMed:1511747"
P03971	P03971	MIS_HUMAN	560	SIGNAL 1..24; /evidence="ECO:0000269|PubMed:2974034"
Q9JI59	Q9JI59	JAM2_MOUSE	298	SIGNAL 1..28; /evidence="ECO:0000269|PubMed:10779521"
P56201	P56201	G6PE_RABIT	797	SIGNAL 1..24; /evidence="ECO:0000269|PubMed:8506377"
P19400	P19400	API3_ASCSU	169	SIGNAL 1..20; /evidence="ECO:0000269|PubMed:2223768"
O60602	O60602	TLR5_HUMAN	858	SIGNAL 1..20; /evidence="ECO:0000269|PubMed:15340161"
O14412	O14412	GUB_ORPSP	245	SIGNAL 1..29; /evidence="ECO:0000269|PubMed:9324248"
Q13162	Q13162	PRDX4_HUMAN	271	SIGNAL 1..37; /evidence="ECO:0000269|PubMed:19892738, ECO:0007744|PubMed:25944712"
P11215	P11215	ITAM_HUMAN	1152	SIGNAL 1..16; /evidence="ECO:0000269|PubMed:3539202"
O60844	O60844	ZG16_HUMAN	167	SIGNAL 1..16; /evidence="ECO:0000269|PubMed:15340161"
O64392	O64392	WHW1_WHEAT	146	SIGNAL 1..21; /evidence="ECO:0000269|PubMed:8251057"
Q9VMD9	Q9VMD9	TIG_DROME	2188	SIGNAL 1..18; /evidence="ECO:0000269|PubMed:7924982"
P09470	P09470	ACE_MOUSE	1312	SIGNAL 1..34; /evidence="ECO:0000269|PubMed:2835538"
P17813	P17813	EGLN_HUMAN	658	SIGNAL 1..25; /evidence="ECO:0000269|PubMed:1692830"
Q27441	Q27441	NPY_APLCA	92	SIGNAL 1..21; /evidence="ECO:0000269|PubMed:1524828"
P05117	P05117	PGLR_SOLLC	457	SIGNAL 1..24; /evidence="ECO:0000269|PubMed:16666031"
Q03352	Q03352	ANT3_CHICK	105	SIGNAL 1..17; /evidence="ECO:0000269|PubMed:6920385"
P14630	P14630	APOM_RAT	190	SIGNAL 1..17; /evidence="ECO:0000269|PubMed:2297521"
P10257	P10257	GTHB1_ONCKE	137	SIGNAL 1..24; /evidence="ECO:0000269|PubMed:3192067"
P42705	P42705	TPO_CANLF	352	SIGNAL 1..23; /evidence="ECO:0000269|PubMed:8020099"
Q8LD43	Q8LD43	AGP40_ARATH	62	SIGNAL 1..22; /evidence="ECO:0000269|PubMed:15322080"
P11654	P11654	PO210_RAT	1886	SIGNAL 1..25; /evidence="ECO:0000269|PubMed:2738089"
P00635	P00635	PPA5_YEAST	467	SIGNAL 1..17; /evidence="ECO:0000269|PubMed:6093051, ECO:0000269|PubMed:6300772"
Q86YD3	Q86YD3	TMM25_HUMAN	366	SIGNAL 1..26; /evidence="ECO:0000269|PubMed:15340161"
Q9GSA4	Q9GSA4	CORZ_GALME	113	SIGNAL 1..19; /evidence="ECO:0000269|PubMed:11520357"
Q8C1Q4	Q8C1Q4	METRN_MOUSE	291	SIGNAL 1..21; /evidence="ECO:0000269|PubMed:19259827"
Q13651	Q13651	I10R1_HUMAN	578	SIGNAL 1..21; /evidence="ECO:0000269|PubMed:15340161"
P05067	P05067	A4_HUMAN	770	SIGNAL 1..17; /evidence="ECO:0000269|PubMed:12665801, ECO:0000269|PubMed:2900137, ECO:0000269|PubMed:3597385"
G9M8X1	G9M8X1	EFCB_NEPCI	687	SIGNAL 1..19; /evidence="ECO:0000269|PubMed:22019571"
P91629	P91629	LCP2_DROMI	126	SIGNAL 1..16; /evidence="ECO:0000269|PubMed:8390679"
L8BRS3	L8BRS3	GLP1_MORAL	209	SIGNAL 1..18; /evidence="ECO:0000269|PubMed:23284650"
A1BQQ5	A1BQQ5	MR30_CONMR	289	SIGNAL 1..24; /evidence="ECO:0000269|PubMed:17042501, ECO:0000269|PubMed:18235980"
Q9BX74	Q9BX74	TM2D1_HUMAN	207	SIGNAL 1..37; /evidence="ECO:0000269|PubMed:11278849"
P27654	P27654	TIP1_YEAST	210	SIGNAL 1..19; /evidence="ECO:0000269|PubMed:10216230, ECO:0000269|PubMed:7746155, ECO:0000269|PubMed:7768807, ECO:0000269|PubMed:9818717"
A0A5C2A2T2	A0A5C2A2T2	COP1_CONPU	178	SIGNAL 1..24; /evidence="ECO:0000269|PubMed:30765458"
P51460	P51460	INSL3_HUMAN	131	SIGNAL 1..20; /evidence="ECO:0000269|PubMed:15340161"
P81058	P81058	PEN3A_PENVA	82	SIGNAL 1..19; /evidence="ECO:0000269|PubMed:10561573, ECO:0000269|PubMed:9353298"
P23577	P23577	CYF_CHLRE	317	SIGNAL 1..31; /evidence="ECO:0000269|PubMed:7493968"
Q7Z1K3	Q7Z1K3	ANIS1_ANISI	194	SIGNAL 1..23; /evidence="ECO:0000269|PubMed:10887322"
P41271	P41271	NBL1_HUMAN	181	SIGNAL 1..16; /evidence="ECO:0000269|PubMed:11594460"
P0DQE1	P0DQE1	TXG1A_SCODE	109	SIGNAL 1..23; /evidence="ECO:0000269|PubMed:23148443"
P19137	P19137	LAMA1_MOUSE	3083	SIGNAL 1..24; /evidence="ECO:0000269|PubMed:11829758"
Q9Y5U5	Q9Y5U5	TNR18_HUMAN	241	SIGNAL 1..25; /evidence="ECO:0000269|PubMed:15340161"
P33577	P33577	LAMR_PETMA	119	SIGNAL 1..19; /evidence="ECO:0000269|PubMed:7678258"
P25291	P25291	GP2_CANLF	509	SIGNAL 1..21; /evidence="ECO:0000269|PubMed:2011597, ECO:0000269|PubMed:7765250"
Q8JFY4	Q8JFY4	GHRL_ANGJA	111	SIGNAL 1..26; /evidence="ECO:0000269|PubMed:12630926"
P52798	P52798	EFNA4_HUMAN	201	SIGNAL 1..25; /evidence="ECO:0000269|PubMed:15340161"
P56202	P56202	CATW_HUMAN	376	SIGNAL 1..21; /evidence="ECO:0000269|PubMed:15340161"
P01830	P01830	THY1_RAT	161	SIGNAL 1..19; /evidence="ECO:0000269|PubMed:6118137"
P01833	P01833	PIGR_HUMAN	764	SIGNAL 1..18; /evidence="ECO:0000269|PubMed:1859628, ECO:0000269|PubMed:6526384"
P34998	P34998	CRFR1_HUMAN	444	SIGNAL 1..23; /evidence="ECO:0000269|PubMed:11425856"
P0DPU9	P0DPU9	TX14A_MYRGU	67	SIGNAL 1..25; /evidence="ECO:0000269|PubMed:30214940"
Q16927	Q16927	VIT1_AEDAE	2169	SIGNAL 1..46; /evidence="ECO:0000269|PubMed:7550249, ECO:0000269|PubMed:8158643"
Q8T4J9	Q8T4J9	CU27_MANSE	180	SIGNAL 1..15; /evidence="ECO:0000269|PubMed:10646967, ECO:0000269|PubMed:12609518"
Q8J0K5	Q8J0K5	XYNB_TALFU	282	SIGNAL 1..39; /evidence="ECO:0000269|PubMed:12664153"
Q08380	Q08380	LG3BP_HUMAN	585	SIGNAL 1..18; /evidence="ECO:0000269|PubMed:8390986, ECO:0000269|PubMed:8454062, ECO:0000269|PubMed:8757764"
Q8L5J1	Q8L5J1	MAN4_SOLLC	399	SIGNAL 1..26; /evidence="ECO:0000269|PubMed:12427992, ECO:0000269|PubMed:16649044"
E0XKJ9	E0XKJ9	HUGA_TABYA	349	SIGNAL 1..25; /evidence="ECO:0000269|PubMed:20608917"
Q9GU69	Q9GU69	EGF_LYMST	64	SIGNAL 1..21; /evidence="ECO:0000269|PubMed:10964941"
G5EC68	G5EC68	ABF2_CAEEL	85	SIGNAL 1..17; /evidence="ECO:0000269|PubMed:11772394"
Q7SCE9	Q7SCE9	AA13_NEUCR	385	SIGNAL 1..18; /evidence="ECO:0000269|PubMed:25201969"
Q9NTU7	Q9NTU7	CBLN4_HUMAN	201	SIGNAL 1..27; /evidence="ECO:0000269|PubMed:15340161"
P82103	P82103	MYNA_MYTGA	96	SIGNAL 1..20; /evidence="ECO:0000269|PubMed:10491159"
P34115	P34115	G13A_DICDI	730	SIGNAL 1..20; /evidence="ECO:0000269|PubMed:7680629"
P13727	P13727	PRG2_HUMAN	222	SIGNAL 1..16; /evidence="ECO:0000269|PubMed:7539791, ECO:0000269|PubMed:7685339, ECO:0000269|PubMed:8507662"
Q9UHF4	Q9UHF4	I20RA_HUMAN	553	SIGNAL 1..29; /evidence="ECO:0000269|PubMed:15340161"
Q8N4F0	Q8N4F0	BPIB2_HUMAN	458	SIGNAL 1..20; /evidence="ECO:0000269|PubMed:15340161"
Q5XM24	Q5XM24	APRA_DICDI	494	SIGNAL 1..18; /evidence="ECO:0000269|PubMed:16176950"
P10820	P10820	PERF_MOUSE	554	SIGNAL 1..20; /evidence="ECO:0000269|PubMed:3190678, ECO:0000269|PubMed:3261391"
P35578	P35578	ESP4_ZOOVI	172	SIGNAL 1..21; /evidence="ECO:0000269|PubMed:1807785, ECO:0000269|PubMed:8486691"
Q6WN34	Q6WN34	CRDL2_HUMAN	429	SIGNAL 1..25; /evidence="ECO:0000269|PubMed:15340161"
O75629	O75629	CREG1_HUMAN	220	SIGNAL 1..31; /evidence="ECO:0000269|PubMed:15340161"
Q8TDQ1	Q8TDQ1	CLM1_HUMAN	290	SIGNAL 1..19; /evidence="ECO:0000269|PubMed:15340161"
Q9BZM5	Q9BZM5	ULBP2_HUMAN	246	SIGNAL 1..25; /evidence="ECO:0000269|PubMed:11444831"
P81605	P81605	DCD_HUMAN	110	SIGNAL 1..19; /evidence="ECO:0000269|PubMed:15340161, ECO:0000269|PubMed:17448443, ECO:0000269|PubMed:25946035, ECO:0000269|PubMed:9736629"
P30438	P30438	FEL1A_FELCA	92	SIGNAL 1..22; /evidence="ECO:0000269|PubMed:1712068"
Q8NBJ9	Q8NBJ9	SIDT2_HUMAN	832	SIGNAL 1..18; /evidence="ECO:0000269|PubMed:15340161"
P0DQC1	P0DQC1	TXF2A_SCODE	92	SIGNAL 1..20; /evidence="ECO:0000269|PubMed:23148443"
P80060	P80060	LCM_LOCMI	92	SIGNAL 1..19; /evidence="ECO:0000269|PubMed:1472051, ECO:0000269|PubMed:1740125"
Q92765	Q92765	SFRP3_HUMAN	325	SIGNAL 1..32; /evidence="ECO:0000269|PubMed:15340161"
P0DUS6	P0DUS6	D212_DORVU	60	SIGNAL 1..24; /evidence="ECO:0000269|PubMed:33893140"
A6XMY0	A6XMY0	ARA1_HYAAR	64	SIGNAL 1..25; /evidence="ECO:0000269|PubMed:17658600"
Q8RUW5	Q8RUW5	SCP8_ARATH	433	SIGNAL 1..19; /evidence="ECO:0000269|PubMed:10948250, ECO:0000269|PubMed:12012238"
P18510	P18510	IL1RA_HUMAN	177	SIGNAL 1..25; /evidence="ECO:0000269|PubMed:2137200, ECO:0000269|PubMed:2143761"
P01038	P01038	CYT_CHICK	139	SIGNAL 1..23; /evidence="ECO:0000269|PubMed:6662498, ECO:0000269|PubMed:6712597"
P80915	P80915	AMP1_MACIN	102	SIGNAL 1..26; /evidence="ECO:0000269|PubMed:9108242"
Q8MMH3	Q8MMH3	ARMT1_PIMHY	488	SIGNAL 1..19; /evidence="ECO:0000269|PubMed:12727301"
Q8NBL1	Q8NBL1	PGLT1_HUMAN	392	SIGNAL 1..23; /evidence="ECO:0000269|PubMed:15340161"
Q1HAY7	Q1HAY7	EGFLR_HOLDI	317	SIGNAL 1..23; /evidence="ECO:0000269|PubMed:16849495"
Q6UW10	Q6UW10	SFTA2_HUMAN	78	SIGNAL 1..19; /evidence="ECO:0000269|PubMed:15340161"
Q99519	Q99519	NEUR1_HUMAN	415	SIGNAL 1..47; /evidence="ECO:0000269|PubMed:9480870"
Q92563	Q92563	TICN2_HUMAN	424	SIGNAL 1..22; /evidence="ECO:0000269|PubMed:15340161"
Q39962	Q39962	CBPR_HEVBR	238	SIGNAL 1..31; /evidence="ECO:0000269|PubMed:8530484, ECO:0000269|Ref.2"
P67861	P67861	TXVE_DABRR	144	SIGNAL 1..24; /evidence="ECO:0000269|PubMed:14600159"
I6S7I0	I6S7I0	PNX65_SCOMU	64	SIGNAL 1..18; /evidence="ECO:0000269|PubMed:22595790"
Q6DWK3	Q6DWK3	CDA_COLLN	248	SIGNAL 1..26; /evidence="ECO:0000269|PubMed:16232493"
Q7TQN3	Q7TQN3	WFKN2_MOUSE	571	SIGNAL 1..29; /evidence="ECO:0000269|PubMed:12595574"
Q8MMH5	Q8MMH5	SVP1_PIMHY	61	SIGNAL 1..20; /evidence="ECO:0000255, ECO:0000269|PubMed:15147757"
P18709	P18709	VITA2_XENLA	1807	SIGNAL 1..15; /evidence="ECO:0000269|PubMed:3601655, ECO:0000269|PubMed:8185593"
Q5ZPR3	Q5ZPR3	CD276_HUMAN	534	SIGNAL 1..28; /evidence="ECO:0000269|PubMed:15340161"
P09486	P09486	SPRC_HUMAN	303	SIGNAL 1..17; /evidence="ECO:0000269|PubMed:2306517, ECO:0000269|PubMed:3597437"
P11911	P11911	CD79A_MOUSE	220	SIGNAL 1..28; /evidence="ECO:0000269|PubMed:2023945, ECO:0000269|PubMed:2269334"
Q9NR61	Q9NR61	DLL4_HUMAN	685	SIGNAL 1..26; /evidence="ECO:0000269|PubMed:15340161"
P23502	P23502	HGL2_ENTH1	1286	SIGNAL 1..15; /evidence="ECO:0000269|PubMed:2000392, ECO:0000269|PubMed:2536731"
P20757	P20757	ANGT_SHEEP	476	SIGNAL 1..24; /evidence="ECO:0000269|PubMed:3081342"
P48842	P48842	GANA_ASPAC	350	SIGNAL 1..16; /evidence="ECO:0000269|PubMed:7788716"
P24021	P24021	NUS1_ASPOR	287	SIGNAL 1..20; /evidence="ECO:0000269|PubMed:1939022"
Q8BHP7	Q8BHP7	OLM2A_MOUSE	681	SIGNAL 1..32; /evidence="ECO:0000269|PubMed:15836428"
P55203	P55203	GUC2D_BOVIN	1110	SIGNAL 1..56; /evidence="ECO:0000269|PubMed:8102054"
Q08738	Q08738	CU30_BOMMO	239	SIGNAL 1..16; /evidence="ECO:0000269|PubMed:8193166"
P28906	P28906	CD34_HUMAN	385	SIGNAL 1..31; /evidence="ECO:0000269|PubMed:1370171, ECO:0000269|PubMed:2462139"
P13611	P13611	CSPG2_HUMAN	3396	SIGNAL 1..20; /evidence="ECO:0000269|PubMed:1429726"
P26842	P26842	CD27_HUMAN	260	SIGNAL 1..19; /evidence="ECO:0000269|PubMed:15340161"
P20656	P20656	RIP6_SAPOF	299	SIGNAL 1..24; /evidence="ECO:0000269|PubMed:2325629, ECO:0000269|PubMed:2547612, ECO:0000269|PubMed:3925952"
Q76CA2	Q76CA2	ACTP2_MONPT	275	SIGNAL 1..23; /evidence="ECO:0000269|PubMed:14529730"
P42578	P42578	FRIY_LYMST	239	SIGNAL 1..18; /evidence="ECO:0000269|PubMed:7517354"
Q55GS3	Q55GS3	DICB_DICDI	607	SIGNAL 1..19; /evidence="ECO:0000269|PubMed:15947191"
O96059	O96059	MOR2_BOMMO	66	SIGNAL 1..24; /evidence="ECO:0000269|PubMed:8530391"
P02774	P02774	VTDB_HUMAN	474	SIGNAL 1..16; /evidence="ECO:0000269|PubMed:218624, ECO:0000269|PubMed:2423133"
P80370	P80370	DLK1_HUMAN	383	SIGNAL 1..23; /evidence="ECO:0000269|PubMed:15340161, ECO:0000269|PubMed:7925474, ECO:0000269|PubMed:8501199"
P16382	P16382	IL4RA_MOUSE	810	SIGNAL 1..25; /evidence="ECO:0000269|PubMed:2805066"
P97710	P97710	SHPS1_RAT	509	SIGNAL 1..31; /evidence="ECO:0000269|PubMed:9271230"
P48816	P48816	LYS_BOMMO	137	SIGNAL 1..18; /evidence="ECO:0000269|PubMed:7876591"
P56829	P56829	IFNT2_SHEEP	195	SIGNAL 1..23; /evidence="ECO:0000269|PubMed:3254170"
Q9R100	Q9R100	CAD17_MOUSE	827	SIGNAL 1..25; /evidence="ECO:0000269|PubMed:10906147"
P17948	P17948	VGFR1_HUMAN	1338	SIGNAL 1..26; /evidence="ECO:0000269|PubMed:8248162"
C7G3K3	C7G3K3	KBX2_LIOAU	80	SIGNAL 1..21; /evidence="ECO:0000269|PubMed:19966481"
Q86WA6	Q86WA6	BPHL_HUMAN	291	SIGNAL 1..37; /evidence="ECO:0000269|PubMed:12732646"
Q9NQ25	Q9NQ25	SLAF7_HUMAN	335	SIGNAL 1..22; /evidence="ECO:0000269|PubMed:15340161"
P02760	P02760	AMBP_HUMAN	352	SIGNAL 1..19; /evidence="ECO:0000269|PubMed:6164372, ECO:0000269|PubMed:6198962, ECO:0000269|Ref.12"
P42660	P42660	VCP_AEDAE	471	SIGNAL 1..19; /evidence="ECO:0000269|PubMed:1961751"
Q8N126	Q8N126	CADM3_HUMAN	398	SIGNAL 1..24; /evidence="ECO:0000269|PubMed:15340161"
Q1XG90	Q1XG90	LYS2_CRAVI	135	SIGNAL 1..18; /evidence="ECO:0000269|PubMed:17160350"
Q13145	Q13145	BAMBI_HUMAN	260	SIGNAL 1..20; /evidence="ECO:0000269|PubMed:15340161"
P14214	P14214	TAC2_TACTR	77	SIGNAL 1..23; /evidence="ECO:0000269|PubMed:2514185"
P42579	P42579	SIS_LYMST	100	SIGNAL 1..23; /evidence="ECO:0000269|PubMed:8234026"
O62680	O62680	CD59_PIG	123	SIGNAL 1..25; /evidence="ECO:0000269|PubMed:7533195"
P01221	P01221	GLHA1_CYPCA	118	SIGNAL 1..23; /evidence="ECO:0000269|PubMed:607993"
P85213	P85213	DEF1_GALME	72	SIGNAL 1..29; /evidence="ECO:0000269|PubMed:14728668, ECO:0000269|PubMed:17194500"
Q53B52	Q53B52	3SXZ_OPHHA	78	SIGNAL 1..21; /evidence="ECO:0000269|PubMed:15302536"
P04557	P04557	SFP3_BOVIN	140	SIGNAL 1..25; /evidence="ECO:0000269|PubMed:3606570"
P20462	P20462	LLPA_NOTEU	176	SIGNAL 1..18; /evidence="ECO:0000269|PubMed:3109381"
P15500	P15500	JHBP_MANSE	229	SIGNAL <1..3; /evidence="ECO:0000269|PubMed:3342877"
Q86YL7	Q86YL7	PDPN_HUMAN	162	SIGNAL 1..22; /evidence="ECO:0000269|PubMed:17222411"
P11021	P11021	BIP_HUMAN	654	SIGNAL 1..18; /evidence="ECO:0000269|PubMed:2294010, ECO:0000269|PubMed:9150948"
C0HJM8	C0HJM8	LEC_ALLCE	164	SIGNAL <1..15; /evidence="ECO:0000269|PubMed:25887266"
Q5UCC4	Q5UCC4	EMC10_HUMAN	262	SIGNAL 1..25; /evidence="ECO:0000269|PubMed:32439656"
Q8NAC3	Q8NAC3	I17RC_HUMAN	791	SIGNAL 1..20; /evidence="ECO:0000269|PubMed:15340161"
Q9NRR1	Q9NRR1	CYTL1_HUMAN	136	SIGNAL 1..22; /evidence="ECO:0000269|PubMed:15340161"
P54660	P54660	PONA_DICDI	143	SIGNAL 1..22; /evidence="ECO:0000269|PubMed:2034136"
Q02942	Q02942	TRF_BLADI	726	SIGNAL 1..16; /evidence="ECO:0000269|PubMed:7679500"
P0DMD3	P0DMD3	PNXA9_SCOMU	105	SIGNAL 1..21; /evidence="ECO:0000269|PubMed:22595790"
O02826	O02826	MSMB_PIG	111	SIGNAL 1..20; /evidence="ECO:0000269|PubMed:8117114"
P02649	P02649	APOE_HUMAN	317	SIGNAL 1..18; /evidence="ECO:0000269|PubMed:7068630"
Q9NAX4	Q9NAX4	SP65_DICDI	464	SIGNAL 1..17; /evidence="ECO:0000269|PubMed:10564654"
P07994	P07994	INHA_BOVIN	360	SIGNAL 1..17; /evidence="ECO:0000269|PubMed:2930562"
Q9Z0M9	Q9Z0M9	I18BP_MOUSE	193	SIGNAL 1..28; /evidence="ECO:0000269|PubMed:10094485"
P25116	P25116	PAR1_HUMAN	425	SIGNAL 1..21; /evidence="ECO:0000269|PubMed:22659187"
P08796	P08796	CSA_DICDI	514	SIGNAL 1..19; /evidence="ECO:0000269|PubMed:16593709, ECO:0000269|PubMed:7118072"
Q8WWA0	Q8WWA0	ITLN1_HUMAN	313	SIGNAL 1..18; /evidence="ECO:0000269|PubMed:11313366, ECO:0000269|PubMed:17621593"
A7L035	A7L035	JTX11_CHIFL	456	SIGNAL 1..20; /evidence="ECO:0000269|PubMed:17688901"
Q8I7X1	Q8I7X1	AGH_PORSC	145	SIGNAL 1..21; /evidence="ECO:0000269|PubMed:15081839"
Q6UX39	Q6UX39	AMTN_HUMAN	209	SIGNAL 1..16; /evidence="ECO:0000269|PubMed:15340161"
P32472	P32472	FKBP2_YEAST	135	SIGNAL 1..17; /evidence="ECO:0000269|PubMed:1380159"
Q8TD06	Q8TD06	AGR3_HUMAN	166	SIGNAL 1..21; /evidence="ECO:0000269|PubMed:15340161"
Q13445	Q13445	TMED1_HUMAN	227	SIGNAL 1..23; /evidence="ECO:0000269|PubMed:19892738, ECO:0007744|PubMed:25944712"
Q29486	Q29486	PPBT_FELCA	524	SIGNAL 1..17; /evidence="ECO:0000269|PubMed:7574682"
Q05928	Q05928	BTC_MOUSE	177	SIGNAL 1..31; /evidence="ECO:0000269|PubMed:8456283"
P07204	P07204	TRBM_HUMAN	575	SIGNAL 1..18; /evidence="ECO:0000269|PubMed:2820710"
P16144	P16144	ITB4_HUMAN	1822	SIGNAL 1..27; /evidence="ECO:0000269|PubMed:2542022"
Q9R1T7	Q9R1T7	ICOS_RAT	200	SIGNAL 1..20; /evidence="ECO:0000269|PubMed:11006126"
Q9H5V8	Q9H5V8	CDCP1_HUMAN	836	SIGNAL 1..29; /evidence="ECO:0000269|PubMed:12660814, ECO:0000269|PubMed:16007225"
Q96LA5	Q96LA5	FCRL2_HUMAN	508	SIGNAL 1..19; /evidence="ECO:0000269|PubMed:15340161"
Q3UN54	Q3UN54	PAT14_MOUSE	99	SIGNAL 1..21; /evidence="ECO:0000269|PubMed:16940290"
Q9NQ34	Q9NQ34	TMM9B_HUMAN	198	SIGNAL 1..33; /evidence="ECO:0000269|PubMed:15340161"
P07602	P07602	SAP_HUMAN	524	SIGNAL 1..16; /evidence="ECO:0000269|PubMed:1958198, ECO:0000269|PubMed:8323276, ECO:0007744|PubMed:25944712"
P15247	P15247	IL9_MOUSE	144	SIGNAL 1..18; /evidence="ECO:0000269|PubMed:2528451"
B3STN5	B3STN5	SWP30_NOSB1	278	SIGNAL 1..19; /evidence="ECO:0000269|PubMed:18563739"
P17697	P17697	CLUS_BOVIN	439	SIGNAL 1..19; /evidence="ECO:0000269|PubMed:1691174"
P26780	P26780	DEF2_SINAL	99	SIGNAL 1..30; /evidence="ECO:0000269|PubMed:1451776"
Q0P569	Q0P569	NUCB1_BOVIN	474	SIGNAL 1..24; /evidence="ECO:0000269|PubMed:7890746"
P01137	P01137	TGFB1_HUMAN	390	SIGNAL 1..29; /evidence="ECO:0000269|PubMed:3162913"
P43497	P43497	CWP2_YEAST	92	SIGNAL 1..20; /evidence="ECO:0000269|PubMed:7768807"
P28039	P28039	AOAH_HUMAN	575	SIGNAL 1..23; /evidence="ECO:0000269|PubMed:8089145"
P22412	P22412	DPEP1_PIG	409	SIGNAL 1..16; /evidence="ECO:0000269|PubMed:2137335"
O70280	O70280	WFDC1_RAT	212	SIGNAL 1..26; /evidence="ECO:0000269|PubMed:7665628"
O42807	O42807	FAEA_ASPNG	281	SIGNAL 1..21; /evidence="ECO:0000269|PubMed:9406381"
P69241	P69241	DEF1_RAPSA	80	SIGNAL 1..29; /evidence="ECO:0000269|PubMed:1639777"
P82187	P82187	CASK_HORSE	185	SIGNAL 1..20; /evidence="ECO:0000269|PubMed:11289269"
Q96F46	Q96F46	I17RA_HUMAN	866	SIGNAL 1..32; /evidence="ECO:0000269|PubMed:15340161"
Q9GQV7	Q9GQV7	HPEP_AEDAE	128	SIGNAL 1..22; /evidence="ECO:0000269|Ref.3"
P41543	P41543	OST1_YEAST	476	SIGNAL 1..22; /evidence="ECO:0000269|PubMed:7860628, ECO:0000269|PubMed:8181570"
P49256	P49256	LMAN2_CANLF	356	SIGNAL 1..44; /evidence="ECO:0000269|PubMed:8157011"
P00533	P00533	EGFR_HUMAN	1210	SIGNAL 1..24; /evidence="ECO:0000269|PubMed:15340161, ECO:0000269|PubMed:6328312, ECO:0000269|Ref.16"
P19594	P19594	2SS_SOYBN	158	SIGNAL 1..21; /evidence="ECO:0000269|PubMed:3611081"
B3STN7	B3STN7	SWP32_NOSB1	316	SIGNAL 1..18; /evidence="ECO:0000269|PubMed:18563739"
P0DUS4	P0DUS4	U15_DORVU	36	SIGNAL 1..25; /evidence="ECO:0000269|PubMed:33893140"
O43852	O43852	CALU_HUMAN	315	SIGNAL 1..19; /evidence="ECO:0000269|PubMed:12665801"
Q9XSW3	Q9XSW3	MBL2_PIG	240	SIGNAL 1..18; /evidence="ECO:0000269|PubMed:8602463"
P03998	P03998	COAG_LIMPO	195	SIGNAL 1..20; /evidence="ECO:0000269|PubMed:6378904"
P15289	P15289	ARSA_HUMAN	507	SIGNAL 1..18; /evidence="ECO:0000269|PubMed:1352993"
Q09022	Q09022	XEN1_XENLA	84	SIGNAL 1..18; /evidence="ECO:0000269|PubMed:8203742, ECO:0000269|PubMed:8393864"
Q6ASY2	Q6ASY2	NLTL1_ORYSJ	178	SIGNAL 1..26; /evidence="ECO:0000269|PubMed:15653800"
Q8NBK3	Q8NBK3	SUMF1_HUMAN	374	SIGNAL 1..33; /evidence="ECO:0000269|PubMed:15657036"
Q8N441	Q8N441	FGRL1_HUMAN	504	SIGNAL 1..24; /evidence="ECO:0000269|PubMed:15340161"
Q03405	Q03405	UPAR_HUMAN	335	SIGNAL 1..22; /evidence="ECO:0000269|PubMed:1689240"
P09619	P09619	PGFRB_HUMAN	1106	SIGNAL 1..32; /evidence="ECO:0000269|PubMed:15340161"
P24052	P24052	MK_CHICK	142	SIGNAL 1..21; /evidence="ECO:0000269|PubMed:1993066, ECO:0000269|PubMed:2558016"
P0C8G6	P0C8G6	PV21_POMCA	565	SIGNAL 1..26; /evidence="ECO:0000269|PubMed:11857466"
P68248	P68248	PAHO_CHICK	80	SIGNAL 1..25; /evidence="ECO:0000269|PubMed:1194289"
B3EWP3	B3EWP3	DEF1_ARAHY	71	SIGNAL <1..25; /evidence="ECO:0000269|PubMed:26037551"
P0DPU7	P0DPU7	PNX36_SCODE	78	SIGNAL 1..25; /evidence="ECO:0000269|PubMed:23148443"
Q969N2	Q969N2	PIGT_HUMAN	578	SIGNAL 1..21; /evidence="ECO:0000269|PubMed:11483512"
P16235	P16235	LSHR_RAT	700	SIGNAL 1..26; /evidence="ECO:0000269|PubMed:2601325, ECO:0000269|PubMed:2925659"
Q9SU40	Q9SU40	SKU5_ARATH	587	SIGNAL 1..20; /evidence="ECO:0000269|PubMed:12119380"
Q6UWI2	Q6UWI2	PARM1_HUMAN	310	SIGNAL 1..20; /evidence="ECO:0000269|PubMed:15340161"
Q9NZV1	Q9NZV1	CRIM1_HUMAN	1036	SIGNAL 1..34; /evidence="ECO:0000269|PubMed:12805376, ECO:0000269|PubMed:15340161"
P80748	P80748	LV321_HUMAN	117	SIGNAL 1..17; /evidence="ECO:0000269|PubMed:6780787"
P20068	P20068	NEUT_RAT	169	SIGNAL 1..22; /evidence="ECO:0000269|PubMed:8471039"
P12024	P12024	CHAO_DROME	1315	SIGNAL 1..29; /evidence="ECO:0000269|PubMed:6420071"
P36980	P36980	FHR2_HUMAN	270	SIGNAL 1..18; /evidence="ECO:0000269|PubMed:1533657"
Q00802	Q00802	LP3_BOMMO	256	SIGNAL 1..17; /evidence="ECO:0000269|PubMed:23613829"
Q59XX2	Q59XX2	MP65_CANAL	378	SIGNAL 1..32; /evidence="ECO:0000269|PubMed:8698482"
Q28989	Q28989	AMBN_PIG	421	SIGNAL 1..26; /evidence="ECO:0000269|PubMed:17890672"
O95711	O95711	LY86_HUMAN	162	SIGNAL 1..20; /evidence="ECO:0000269|PubMed:15340161"
P51688	P51688	SPHM_HUMAN	502	SIGNAL 1..20; /evidence="ECO:0000269|PubMed:7493035"
Q9GZX6	Q9GZX6	IL22_HUMAN	179	SIGNAL 1..33; /evidence="ECO:0000269|PubMed:15340161"
Q15465	Q15465	SHH_HUMAN	462	SIGNAL 1..23; /evidence="ECO:0000269|PubMed:9593755"
B1P0S1	B1P0S1	ANPM_PSEAM	218	SIGNAL 1..23; /evidence="ECO:0000269|PubMed:15716269, ECO:0000269|PubMed:18225917"
Q6UW32	Q6UW32	IGFL1_HUMAN	110	SIGNAL 1..24; /evidence="ECO:0000269|PubMed:15340161"
P21956	P21956	MFGM_MOUSE	463	SIGNAL 1..22; /evidence="ECO:0000269|PubMed:2122462"
P17715	P17715	INS_OCTDE	109	SIGNAL 1..24; /evidence="ECO:0000269|PubMed:2192710"
Q16627	Q16627	CCL14_HUMAN	93	SIGNAL 1..19; /evidence="ECO:0000269|PubMed:10978165, ECO:0000269|PubMed:11085751, ECO:0000269|PubMed:8551235"
P32802	P32802	TMN1_YEAST	667	SIGNAL 1..22; /evidence="ECO:0000269|PubMed:8314797"
Q75WF2	Q75WF2	DNA2_ACAPL	358	SIGNAL 1..26; /evidence="ECO:0000269|PubMed:15450924"
P25236	P25236	SEPP1_RAT	385	SIGNAL 1..19; /evidence="ECO:0000269|PubMed:2037562"
Q6T6C1	Q6T6C1	THMYZ_THETS	107	SIGNAL 1..21; /evidence="ECO:0000269|PubMed:15102860"
O95157	O95157	NXPH3_HUMAN	252	SIGNAL 1..22; /evidence="ECO:0000269|PubMed:15340161"
P06332	P06332	CD4_MOUSE	457	SIGNAL 1..26; /evidence="ECO:0000269|PubMed:3082751"
P02779	P02779	UTER_RABIT	91	SIGNAL 1..21; /evidence="ECO:0000269|PubMed:281700, ECO:0000269|PubMed:568483, ECO:0000269|PubMed:571719"
Q6Z232	Q6Z232	AGP1_ORYSJ	146	SIGNAL 1..42; /evidence="ECO:0000269|PubMed:15653800"
Q95P08	Q95P08	HCYA_SCUCO	656	SIGNAL 1..18; /evidence="ECO:0000269|PubMed:12823556"
Q15768	Q15768	EFNB3_HUMAN	340	SIGNAL 1..27; /evidence="ECO:0000269|PubMed:15340161"
O61668	O61668	SIX1_MESMA	88	SIGNAL 1..18; /evidence="ECO:0000269|PubMed:11042276, ECO:0000269|PubMed:8068186"
Q12127	Q12127	CCW12_YEAST	133	SIGNAL 1..18; /evidence="ECO:0000269|PubMed:10322008"
F1AWB0	F1AWB0	NDB27_VAEME	82	SIGNAL 1..22; /evidence="ECO:0000269|PubMed:20969885"
P20507	P20507	CAH1_CHLRE	377	SIGNAL 1..20; /evidence="ECO:0000269|PubMed:2120056"
Q6UXK5	Q6UXK5	LRRN1_HUMAN	716	SIGNAL 1..25; /evidence="ECO:0000269|PubMed:15340161"
P01068	P01068	IBRO_ANACO	246	SIGNAL 1..19; /evidence="ECO:0000269|PubMed:1112827"
I6S390	I6S390	TXD2A_SCOMU	76	SIGNAL 1..22; /evidence="ECO:0000269|PubMed:22595790"
P07727	P07727	GLRA1_RAT	457	SIGNAL 1..28; /evidence="ECO:0000269|PubMed:3037383"
P01350	P01350	GAST_HUMAN	101	SIGNAL 1..21; /evidence="ECO:0000269|PubMed:8055952"
P38574	P38574	UPK3A_BOVIN	287	SIGNAL 1..18; /evidence="ECO:0000269|PubMed:8270634"
P14946	P14946	MPAL1_LOLPR	263	SIGNAL 1..23; /evidence="ECO:0000269|PubMed:2001733, ECO:0000269|PubMed:3718469"
P19957	P19957	ELAF_HUMAN	117	SIGNAL 1..22; /evidence="ECO:0000269|PubMed:7685029"
P80392	P80392	AMP2_MELGA	64	SIGNAL 1..28; /evidence="ECO:0000269|PubMed:7964174"
O96559	O96559	APY_CIMLE	364	SIGNAL 1..35; /evidence="ECO:0000269|PubMed:9804829"
P21978	P21978	GP46_LEIAM	476	SIGNAL 1..32; /evidence="ECO:0000269|PubMed:2236047"
O55038	O55038	CXL13_MOUSE	109	SIGNAL 1..21; /evidence="ECO:0000269|PubMed:9486651"
O93233	O93233	PLIB_GLOBS	331	SIGNAL 1..23; /evidence="ECO:0000269|PubMed:9230137, ECO:0000269|PubMed:9677367"
Q8NBM8	Q8NBM8	PCYXL_HUMAN	494	SIGNAL 1..22; /evidence="ECO:0000269|PubMed:15340161"
Q99ML8	Q99ML8	UCN2_MOUSE	113	SIGNAL 1..23; /evidence="ECO:0000269|PubMed:23493376"
Q9LRC8	Q9LRC8	BAGLU_SCUBA	527	SIGNAL 1..25; /evidence="ECO:0000269|PubMed:10858442"
O76818	O76818	PBAN_AGRIP	193	SIGNAL 1..19; /evidence="ECO:0000269|PubMed:29466015"
P29320	P29320	EPHA3_HUMAN	983	SIGNAL 1..20; /evidence="ECO:0000269|PubMed:1737782"
Q9SUQ8	Q9SUQ8	DIR6_ARATH	187	SIGNAL 1..29; /evidence="ECO:0000269|PubMed:19946920"
Q6QD51	Q6QD51	CCD80_RAT	949	SIGNAL 1..27; /evidence="ECO:0000269|PubMed:26479776"
G3MYZ3	G3MYZ3	AFAM_BOVIN	604	SIGNAL 1..21; /evidence="ECO:0000269|PubMed:26902720"
P13612	P13612	ITA4_HUMAN	1032	SIGNAL 1..33; /evidence="ECO:0000269|PubMed:3033641"
P11717	P11717	MPRI_HUMAN	2491	SIGNAL 1..40; /evidence="ECO:0000269|PubMed:2957598"
P0DL40	P0DL40	VESPI_VESMG	67	SIGNAL 1..21; /evidence="ECO:0000269|PubMed:21544181"
Q8T0Y7	Q8T0Y7	CP2_APLCA	141	SIGNAL 1..26; /evidence="ECO:0000269|PubMed:11786187"
P0DUS5	P0DUS5	D211_DORVU	57	SIGNAL 1..24; /evidence="ECO:0000269|PubMed:33893140"
Q9JMI7	Q9JMI7	TX101_MOUSE	250	SIGNAL 1..25; /evidence="ECO:0000269|PubMed:11207211"
Q10E50	Q10E50	PLA23_ORYSJ	163	SIGNAL 1..43; /evidence="ECO:0000269|PubMed:10608658"
P32358	P32358	TREA_BOMMO	579	SIGNAL 1..15; /evidence="ECO:0000269|PubMed:7916633"
Q6UX46	Q6UX46	ALKL2_HUMAN	152	SIGNAL 1..24; /evidence="ECO:0000255, ECO:0000269|PubMed:30061385"
Q7Q7R8	Q7Q7R8	NPF_ANOGA	89	SIGNAL 1..29; /evidence="ECO:0000269|PubMed:12364794"
Q86R84	Q86R84	CHL18_DERFA	462	SIGNAL 1..25; /evidence="ECO:0000269|PubMed:12847483"
Q96BY9	Q96BY9	SARAF_HUMAN	339	SIGNAL 1..30; /evidence="ECO:0000269|PubMed:15340161"
Q4WL81	Q4WL81	NADA_ASPFU	234	SIGNAL 1..20; /evidence="ECO:0000269|PubMed:33712585"
P20797	P20797	PBP_ANTPO	163	SIGNAL 1..21; /evidence="ECO:0000269|PubMed:2010751"
P05560	P05560	IOVO_DRONO	207	SIGNAL 1..23; /evidence="ECO:0000269|PubMed:21058653"
Q6UXB2	Q6UXB2	CXL17_HUMAN	119	SIGNAL 1..21; /evidence="ECO:0000269|PubMed:15340161"
P21814	P21814	UTMP_SHEEP	429	SIGNAL 1..25; /evidence="ECO:0000269|PubMed:2464597"
Q8MJV4	Q8MJV4	NPB_BOVIN	122	SIGNAL 1..24; /evidence="ECO:0000269|PubMed:12118011"
P59665	P59665	DEF1_HUMAN	94	SIGNAL 1..19; /evidence="ECO:0000269|PubMed:15340161"
B0JFB8	B0JFB8	FPI1_ANTMY	105	SIGNAL 1..19; /evidence="ECO:0000269|PubMed:14505696"
O11780	O11780	BGH3_PIG	683	SIGNAL 1..23; /evidence="ECO:0000269|PubMed:9061001"
P55899	P55899	FCGRN_HUMAN	365	SIGNAL 1..23; /evidence="ECO:0000269|PubMed:15340161"
Q9P246	Q9P246	STIM2_HUMAN	746	SIGNAL 1..14; /evidence="ECO:0000269|PubMed:11463338"
P33681	P33681	CD80_HUMAN	288	SIGNAL 1..34; /evidence="ECO:0000269|PubMed:1714935"
Q9LLT1	Q9LLT1	PLY1_JUNVI	367	SIGNAL 1..21; /evidence="ECO:0000269|PubMed:11422137"
O54861	O54861	SORT_RAT	825	SIGNAL 1..31; /evidence="ECO:0000269|PubMed:26479776"
P04119	P04119	LACB_PIG	178	SIGNAL 1..18; /evidence="ECO:0000269|PubMed:3790256"
P05113	P05113	IL5_HUMAN	134	SIGNAL 1..19; /evidence="ECO:0000269|PubMed:2361960"
Q00657	Q00657	CSPG4_RAT	2326	SIGNAL 1..29; /evidence="ECO:0000269|PubMed:1906475"
P26010	P26010	ITB7_HUMAN	798	SIGNAL 1..19; /evidence="ECO:0000269|PubMed:1542691, ECO:0000269|PubMed:1750505"
Q9NJ98	Q9NJ98	BGBP1_MANSE	487	SIGNAL 1..19; /evidence="ECO:0000255, ECO:0000269|PubMed:10713054"
Q96HF1	Q96HF1	SFRP2_HUMAN	295	SIGNAL 1..24; /evidence="ECO:0000269|PubMed:15340161"
Q9TW32	Q9TW32	PPIB_DICDI	197	SIGNAL 1..22; /evidence="ECO:0000269|PubMed:10575348"
P22894	P22894	MMP8_HUMAN	467	SIGNAL 1..20; /evidence="ECO:0000269|PubMed:1662606, ECO:0000269|PubMed:2159879"
P02896	P02896	VSM4_TRYBB	526	SIGNAL 1..33; /evidence="ECO:0000269|PubMed:7120400"
P0C8G7	P0C8G7	PV22_POMCA	286	SIGNAL 1..30; /evidence="ECO:0000269|PubMed:11857466"
P79263	P79263	ITIH4_PIG	921	SIGNAL 1..27; /evidence="ECO:0000269|PubMed:7556597, ECO:0000269|PubMed:8830057"
P09479	P09479	ACHA_CHICK	456	SIGNAL 1..20; /evidence="ECO:0000269|PubMed:3860855"
Q5JNJ5	Q5JNJ5	ENOL1_ORYSJ	237	SIGNAL 1..28; /evidence="ECO:0000269|PubMed:15653800"
P80090	P80090	MPI3_LYMST	122	SIGNAL 1..29; /evidence="ECO:0000269|PubMed:1572366"
B2D1Y0	B2D1Y0	PLIA_BOTJR	151	SIGNAL <1..4; /evidence="ECO:0000269|PubMed:18549822"
P80022	P80022	RNLE_SOLLC	230	SIGNAL 1..25; /evidence="ECO:0000269|PubMed:2040270, ECO:0000269|PubMed:7894013, ECO:0000269|PubMed:9188482"
Q9BQ51	Q9BQ51	PD1L2_HUMAN	273	SIGNAL 1..19; /evidence="ECO:0000269|PubMed:15340161"
Q02083	Q02083	NAAA_HUMAN	359	SIGNAL 1..28; /evidence="ECO:0000269|PubMed:22040171"
Q00017	Q00017	RHA1_ASPAC	250	SIGNAL 1..17; /evidence="ECO:0000269|PubMed:7592973"
P86798	P86798	CTEN1_CUPSA	140	SIGNAL 1..19; /evidence="ECO:0000255, ECO:0000269|PubMed:20369272"
Q9UKY0	Q9UKY0	PRND_HUMAN	176	SIGNAL 1..25; /evidence="ECO:0000269|PubMed:12200435"
Q9ES58	Q9ES58	MO2R1_RAT	327	SIGNAL 1..23; /evidence="ECO:0000269|PubMed:10981966"
P17690	P17690	APOH_BOVIN	345	SIGNAL 1..19; /evidence="ECO:0000269|PubMed:1751487, ECO:0000269|PubMed:2327984"
Q01129	Q01129	PGS2_RAT	354	SIGNAL 1..16; /evidence="ECO:0000269|PubMed:26479776"
Q20224	Q20224	FABP2_CAEEL	161	SIGNAL 1..19; /evidence="ECO:0000269|PubMed:9150941"
P02674	P02674	FIBA1_PETMA	966	SIGNAL <1..5; /evidence="ECO:0000269|PubMed:999898"
P81511	P81511	MCPI_HIRME	81	SIGNAL 1..15; /evidence="ECO:0000269|PubMed:9830043"
Q86YT9	Q86YT9	JAML_HUMAN	394	SIGNAL 1..19; /evidence="ECO:0000269|PubMed:15340161"
Q63415	Q63415	PCSK6_RAT	937	SIGNAL 1..45; /evidence="ECO:0000269|PubMed:26479776"
P05059	P05059	CMGA_BOVIN	449	SIGNAL 1..18; /evidence="ECO:0000269|PubMed:12795588, ECO:0000269|PubMed:1986917, ECO:0000269|PubMed:2387861, ECO:0000269|PubMed:8243650"
P15196	P15196	SHBG_RABIT	398	SIGNAL 1..31; /evidence="ECO:0000269|PubMed:2808412"
